UserID,Workplace
1,AECOM
2,
3,21st Century Fox
3,Apple Inc.
3,Metro Cash&Carry
4,Telekom
4,ExxonMobil
4,Carrefour
5,21st Century Fox
6,
7,
8,Carrefour
8,Global Print
8,Comodo
9,Zepter
9,BuzzFeed
9,ENEL
10,
11,
12,21st Century Fox
12,BuzzFeed
13,Boeing
14,
15,
16,AECOM
16,Boeing
17,
18,
19,Boeing
20,ENEL
21,
22,BuzzFeed
23,Zepter
23,Comcast
23,ExxonMobil
24,
25,
26,Comodo
26,It Smart Group
27,
28,Danone
28,UPC
28,Facebook
29,
30,
31,
32,
33,Global Print
33,Facebook
34,DynCorp
35,
36,Areon Impex
36,It Smart Group
37,Comcast
37,Telekom
37,DynCorp
38,
39,Coca-Cola Company
39,Boeing
40,BuzzFeed
41,Comcast
41,ENEL
42,
43,
44,Comodo
44,Coca-Cola Company
45,
46,
47,Vodafone
48,ENEL
49,
50,
51,21st Century Fox
51,DynCorp
52,Vodafone
52,Team Guard SRL
52,Demaco
53,Biolife Grup
53,Comodo
54,
55,DynCorp
56,
57,Telekom
57,AECOM
57,CarMax
58,
59,
60,
61,
62,Biolife Grup
62,Demaco
62,Areon Impex
63,
64,
65,Mars
65,Metro Cash&Carry
66,Coca-Cola Company
66,Comcast
66,BuzzFeed
67,
68,
69,Areon Impex
69,Erickson
70,
71,
72,Boeing
72,21st Century Fox
72,Coca-Cola Company
73,AECOM
73,Coca-Cola Company
73,Areon Impex
74,Comodo
75,Metro Cash&Carry
75,Facebook
76,
77,
78,
79,Apple Inc.
80,Demaco
80,Biolife Grup
81,
82,Amazon.com
82,Erickson
83,
84,Global Print
85,
86,UPC
86,Zepter
86,Carrefour
87,
88,Mars
88,It Smart Group
88,UPC
89,BuzzFeed
89,Facebook
90,Team Guard SRL
90,Metro Cash&Carry
90,21st Century Fox
91,Areon Impex
91,Telekom
91,Comodo
92,
93,Coca-Cola Company
94,
95,
96,Telekom
96,Erickson
97,AECOM
98,
99,Areon Impex
100,CarMax
100,Team Guard SRL
101,Carrefour
102,
103,
104,
105,
106,
107,Biolife Grup
108,Danone
109,Mars
110,
111,
112,Vodafone
113,DynCorp
113,Biolife Grup
113,Comodo
114,
115,
116,CarMax
117,Facebook
117,Biolife Grup
118,UPC
119,Amazon.com
119,Global Print
119,Erickson
120,
121,It Smart Group
122,ExxonMobil
122,DynCorp
123,
124,
125,
126,CarMax
127,
128,
129,Demaco
129,DynCorp
129,Carrefour
130,
131,
132,ExxonMobil
132,CarMax
133,Metro Cash&Carry
134,Comcast
135,
136,Telekom
137,Zepter
138,
139,21st Century Fox
139,Danone
140,
141,CarMax
141,Comcast
141,Global Print
142,Erickson
143,
144,Telekom
145,
146,
147,ENEL
148,Telekom
148,Comcast
149,
150,
151,Global Print
151,Comodo
152,It Smart Group
153,ENEL
154,Leadertech Consulting
155,Apple Inc.
155,It Smart Group
156,
157,
158,
159,
160,Danone
160,Zepter
160,Erickson
161,
162,Team Guard SRL
162,Zepter
163,
164,Danone
165,
166,
167,Areon Impex
167,Metro Cash&Carry
167,Apple Inc.
168,CarMax
169,
170,DynCorp
170,Danone
170,Apple Inc.
171,
172,
173,Boeing
174,
175,Team Guard SRL
175,Amazon.com
176,
177,
178,DynCorp
179,Boeing
180,
181,Zepter
181,Vodafone
182,
183,Team Guard SRL
184,
185,
186,
187,Biolife Grup
187,Telekom
187,Boeing
188,
189,UPC
190,Metro Cash&Carry
190,AECOM
191,Areon Impex
192,AECOM
193,Facebook
194,Biolife Grup
194,21st Century Fox
194,Telekom
195,21st Century Fox
196,
197,Global Print
198,
199,
200,
201,
202,Amazon.com
202,Comcast
202,Comodo
203,
204,
205,
206,Metro Cash&Carry
206,Boeing
207,
208,ENEL
208,BuzzFeed
209,
210,
211,Areon Impex
211,Telekom
212,
213,Biolife Grup
213,Leadertech Consulting
214,
215,
216,
217,Comodo
218,
219,ENEL
219,BuzzFeed
220,
221,
222,
223,
224,Danone
225,
226,Erickson
227,
228,
229,
230,
231,Demaco
231,DynCorp
231,It Smart Group
232,
233,
234,Areon Impex
234,AECOM
235,
236,Carrefour
236,UPC
237,Zepter
238,
239,Erickson
240,Biolife Grup
241,Coca-Cola Company
242,
243,BuzzFeed
243,Facebook
244,
245,Comcast
246,Demaco
247,
248,UPC
248,Carrefour
249,
250,
251,
252,Demaco
252,21st Century Fox
252,AECOM
253,
254,
255,
256,
257,
258,Mars
259,
260,
261,ENEL
262,Boeing
263,
264,
265,
266,ExxonMobil
266,Global Print
266,Telekom
267,
268,
269,Coca-Cola Company
270,Vodafone
271,
272,Areon Impex
272,Apple Inc.
273,Carrefour
274,
275,Metro Cash&Carry
275,Apple Inc.
276,
277,Coca-Cola Company
278,
279,Metro Cash&Carry
280,
281,UPC
282,Global Print
282,Mars
282,Boeing
283,Amazon.com
283,Apple Inc.
283,Danone
284,21st Century Fox
284,Metro Cash&Carry
285,Coca-Cola Company
286,
287,
288,
289,
290,
291,
292,
293,
294,Global Print
295,
296,21st Century Fox
296,Coca-Cola Company
296,Carrefour
297,CarMax
297,BuzzFeed
297,Biolife Grup
298,
299,
300,
301,
302,Biolife Grup
303,
304,Demaco
304,It Smart Group
305,
306,Areon Impex
307,
308,Comcast
309,Facebook
309,Boeing
310,Comodo
310,21st Century Fox
311,
312,
313,Mars
313,Areon Impex
314,AECOM
314,Areon Impex
315,UPC
316,
317,Erickson
317,Apple Inc.
318,
319,
320,
321,Team Guard SRL
321,CarMax
322,ExxonMobil
322,DynCorp
322,Metro Cash&Carry
323,Biolife Grup
324,Comcast
325,
326,Apple Inc.
327,Biolife Grup
328,Apple Inc.
328,Global Print
328,Comcast
329,Mars
329,Team Guard SRL
330,BuzzFeed
331,
332,Apple Inc.
333,Vodafone
334,ENEL
334,DynCorp
334,ExxonMobil
335,BuzzFeed
335,ENEL
336,Danone
336,Biolife Grup
336,Amazon.com
337,
338,DynCorp
338,Telekom
339,
340,Demaco
341,It Smart Group
341,Zepter
342,
343,
344,UPC
344,Leadertech Consulting
344,CarMax
345,Amazon.com
346,Boeing
346,Carrefour
346,Vodafone
347,Carrefour
347,Vodafone
348,
349,
350,
351,
352,
353,CarMax
353,Team Guard SRL
354,DynCorp
355,Apple Inc.
355,Coca-Cola Company
356,Comcast
356,UPC
357,Global Print
357,Carrefour
357,BuzzFeed
358,
359,Biolife Grup
360,Erickson
360,UPC
361,
362,
363,Facebook
364,
365,Leadertech Consulting
365,UPC
366,
367,
368,Mars
368,BuzzFeed
368,It Smart Group
369,
370,
371,
372,BuzzFeed
372,Demaco
373,
374,
375,Areon Impex
376,ExxonMobil
376,Team Guard SRL
376,BuzzFeed
377,
378,
379,Boeing
380,Zepter
381,Metro Cash&Carry
382,Boeing
382,Apple Inc.
383,ExxonMobil
383,It Smart Group
384,
385,
386,21st Century Fox
386,DynCorp
386,Demaco
387,Comodo
388,
389,Danone
390,
391,Carrefour
392,21st Century Fox
393,ENEL
393,AECOM
394,Demaco
394,Facebook
395,Leadertech Consulting
396,
397,
398,Metro Cash&Carry
399,Coca-Cola Company
399,BuzzFeed
399,Metro Cash&Carry
400,
401,ENEL
401,Danone
401,Vodafone
402,Carrefour
403,Team Guard SRL
403,Biolife Grup
404,Coca-Cola Company
405,
406,Comcast
406,Telekom
406,ENEL
407,
408,
409,
410,It Smart Group
411,
412,
413,
414,
415,Telekom
416,
417,
418,
419,
420,Carrefour
420,ENEL
420,Mars
421,
422,Danone
422,UPC
422,Team Guard SRL
423,
424,
425,21st Century Fox
426,
427,
428,Boeing
429,
430,Areon Impex
430,Metro Cash&Carry
431,
432,
433,Biolife Grup
434,ExxonMobil
435,Amazon.com
436,ENEL
437,
438,Carrefour
438,Comcast
438,Telekom
439,UPC
439,Boeing
440,Boeing
441,CarMax
442,
443,
444,
445,Metro Cash&Carry
445,21st Century Fox
445,Demaco
446,Comodo
447,
448,
449,
450,
451,
452,
453,
454,
455,
456,Areon Impex
457,Biolife Grup
457,ExxonMobil
457,Team Guard SRL
458,
459,Metro Cash&Carry
459,Telekom
460,Amazon.com
461,
462,Demaco
462,Apple Inc.
462,Comodo
463,Boeing
464,
465,Demaco
466,
467,
468,Carrefour
469,21st Century Fox
470,
471,Mars
471,Coca-Cola Company
472,
473,
474,
475,UPC
476,
477,Coca-Cola Company
477,UPC
478,
479,Metro Cash&Carry
479,Team Guard SRL
479,Mars
480,AECOM
480,Biolife Grup
480,Global Print
481,Coca-Cola Company
482,CarMax
483,Erickson
484,
485,DynCorp
485,Danone
486,Comodo
487,
488,UPC
488,Leadertech Consulting
488,Metro Cash&Carry
489,Vodafone
490,
491,Biolife Grup
491,Comodo
491,ExxonMobil
492,Coca-Cola Company
493,
494,Areon Impex
494,Boeing
495,
496,Erickson
496,Carrefour
497,Coca-Cola Company
498,Leadertech Consulting
498,AECOM
499,Vodafone
500,Carrefour
501,DynCorp
501,AECOM
501,Comcast
502,Mars
503,
504,It Smart Group
505,BuzzFeed
506,
507,
508,
509,
510,
511,
512,
513,
514,
515,
516,Vodafone
516,Danone
516,It Smart Group
517,
518,
519,BuzzFeed
519,Metro Cash&Carry
520,Facebook
521,Biolife Grup
522,
523,Mars
524,21st Century Fox
524,Coca-Cola Company
524,Apple Inc.
525,Comodo
525,Telekom
525,It Smart Group
526,Areon Impex
527,Zepter
527,CarMax
528,
529,AECOM
530,Demaco
530,Boeing
530,Telekom
531,UPC
532,Carrefour
532,ExxonMobil
533,
534,
535,
536,
537,ENEL
538,
539,
540,Mars
541,Vodafone
542,CarMax
542,Biolife Grup
542,Telekom
543,
544,
545,Mars
545,Comcast
546,
547,
548,
549,
550,
551,Leadertech Consulting
551,Coca-Cola Company
552,
553,
554,AECOM
554,Amazon.com
555,BuzzFeed
556,
557,Biolife Grup
558,Global Print
559,21st Century Fox
559,Demaco
559,Boeing
560,
561,Coca-Cola Company
562,Vodafone
562,ENEL
562,BuzzFeed
563,Team Guard SRL
563,Areon Impex
563,Boeing
564,DynCorp
564,Metro Cash&Carry
564,21st Century Fox
565,
566,
567,
568,
569,Demaco
569,Coca-Cola Company
570,Biolife Grup
571,
572,
573,Carrefour
573,Danone
574,
575,CarMax
576,
577,
578,
579,Amazon.com
579,Metro Cash&Carry
580,Mars
581,
582,Telekom
582,Apple Inc.
583,Biolife Grup
583,Telekom
583,Danone
584,Comodo
584,Telekom
585,DynCorp
585,Comcast
585,21st Century Fox
586,
587,Erickson
588,
589,Global Print
589,ExxonMobil
590,UPC
591,
592,
593,
594,Boeing
595,Erickson
595,Leadertech Consulting
596,
597,
598,Demaco
599,
600,
601,
602,
603,21st Century Fox
603,Danone
604,
605,
606,
607,
608,ExxonMobil
608,21st Century Fox
609,AECOM
609,DynCorp
610,
611,
612,
613,
614,
615,
616,
617,
618,
619,ENEL
619,Amazon.com
619,DynCorp
620,
621,Mars
621,Telekom
622,
623,Apple Inc.
624,DynCorp
625,DynCorp
625,Team Guard SRL
625,Telekom
626,Biolife Grup
627,
628,ExxonMobil
629,
630,
631,
632,It Smart Group
633,Global Print
633,DynCorp
633,CarMax
634,
635,Comodo
635,CarMax
636,
637,21st Century Fox
637,Mars
637,ExxonMobil
638,Danone
638,Vodafone
638,ExxonMobil
639,
640,Metro Cash&Carry
641,
642,
643,Apple Inc.
643,It Smart Group
643,Telekom
644,
645,Boeing
646,
647,
648,Danone
649,
650,Carrefour
651,Boeing
652,Biolife Grup
652,Demaco
653,
654,Mars
654,Vodafone
654,Comodo
655,
656,Mars
656,BuzzFeed
657,
658,UPC
659,
660,UPC
661,Biolife Grup
662,
663,
664,DynCorp
664,21st Century Fox
664,AECOM
665,
666,ExxonMobil
666,ENEL
667,Areon Impex
668,
669,
670,
671,Erickson
671,DynCorp
671,Vodafone
672,
673,AECOM
674,
675,Leadertech Consulting
675,ExxonMobil
675,Facebook
676,
677,
678,ExxonMobil
678,Biolife Grup
679,CarMax
680,Vodafone
680,Coca-Cola Company
680,Facebook
681,
682,It Smart Group
682,Apple Inc.
682,Leadertech Consulting
683,AECOM
683,Areon Impex
683,It Smart Group
684,Leadertech Consulting
685,Leadertech Consulting
685,Demaco
685,Amazon.com
686,
687,
688,Global Print
688,Carrefour
689,Mars
690,21st Century Fox
690,It Smart Group
691,Erickson
691,Areon Impex
691,Global Print
692,
693,
694,
695,Telekom
696,
697,BuzzFeed
697,Team Guard SRL
697,Erickson
698,
699,Comodo
699,Amazon.com
700,Demaco
700,Global Print
700,Boeing
701,
702,
703,
704,
705,
706,Amazon.com
707,CarMax
707,Biolife Grup
707,Carrefour
708,
709,
710,AECOM
710,BuzzFeed
711,DynCorp
712,Erickson
712,21st Century Fox
713,
714,Global Print
714,Mars
714,Demaco
715,
716,
717,Biolife Grup
717,Amazon.com
717,Metro Cash&Carry
718,
719,Zepter
719,Amazon.com
720,Amazon.com
720,Metro Cash&Carry
720,DynCorp
721,
722,AECOM
723,AECOM
723,ENEL
724,
725,
726,Telekom
726,Facebook
727,
728,Leadertech Consulting
728,Danone
729,UPC
730,Boeing
730,Erickson
730,Biolife Grup
731,Amazon.com
731,Telekom
732,
733,
734,Erickson
735,Biolife Grup
736,
737,
738,
739,Demaco
740,
741,
742,CarMax
742,DynCorp
743,ExxonMobil
743,Vodafone
744,Areon Impex
745,
746,
747,Amazon.com
748,Comodo
748,Vodafone
748,Facebook
749,Comodo
750,CarMax
750,ExxonMobil
751,
752,Demaco
752,Danone
753,
754,
755,Coca-Cola Company
755,It Smart Group
755,UPC
756,Erickson
757,
758,Metro Cash&Carry
759,AECOM
760,Areon Impex
760,Metro Cash&Carry
760,Mars
761,
762,Erickson
762,UPC
763,
764,
765,Areon Impex
765,Telekom
766,
767,
768,DynCorp
769,Amazon.com
769,Global Print
770,Global Print
771,
772,
773,
774,DynCorp
774,Mars
775,
776,
777,
778,
779,
780,
781,Carrefour
781,Danone
782,
783,
784,
785,Vodafone
785,BuzzFeed
785,Demaco
786,Demaco
787,Metro Cash&Carry
788,
789,
790,Coca-Cola Company
791,AECOM
791,It Smart Group
792,Zepter
793,
794,
795,21st Century Fox
795,Team Guard SRL
795,Demaco
796,
797,ExxonMobil
797,It Smart Group
797,CarMax
798,
799,
800,Team Guard SRL
801,
802,
803,
804,Comodo
804,Coca-Cola Company
805,Metro Cash&Carry
805,DynCorp
805,ENEL
806,Biolife Grup
807,
808,ENEL
809,
810,
811,Areon Impex
811,Comcast
811,Metro Cash&Carry
812,ExxonMobil
812,Mars
812,Facebook
813,Areon Impex
814,
815,
816,
817,Boeing
817,Comodo
817,BuzzFeed
818,Areon Impex
819,
820,
821,Biolife Grup
821,Mars
822,Boeing
822,Danone
822,AECOM
823,Comcast
823,ENEL
823,Biolife Grup
824,Biolife Grup
825,
826,21st Century Fox
827,
828,
829,Mars
830,
831,Comodo
832,
833,
834,Comodo
835,Mars
836,
837,Erickson
837,Danone
837,ExxonMobil
838,Zepter
838,Facebook
838,Erickson
839,Mars
839,21st Century Fox
839,Danone
840,
841,
842,Biolife Grup
843,Coca-Cola Company
844,
845,
846,Coca-Cola Company
847,
848,Vodafone
848,Mars
848,ENEL
849,Mars
850,Comcast
850,It Smart Group
850,Facebook
851,
852,DynCorp
852,Leadertech Consulting
852,Vodafone
853,
854,Apple Inc.
855,
856,
857,Amazon.com
858,
859,
860,AECOM
861,
862,
863,
864,Coca-Cola Company
865,
866,
867,Apple Inc.
867,Boeing
867,CarMax
868,Vodafone
868,Team Guard SRL
869,Erickson
869,Comcast
869,Coca-Cola Company
870,ENEL
870,Demaco
870,Team Guard SRL
871,It Smart Group
872,Apple Inc.
873,
874,Demaco
875,Team Guard SRL
876,
877,Apple Inc.
878,
879,
880,
881,
882,
883,Biolife Grup
883,Vodafone
883,Danone
884,
885,
886,AECOM
886,It Smart Group
886,Zepter
887,It Smart Group
888,Boeing
888,Biolife Grup
889,Comcast
889,Vodafone
890,Carrefour
890,Mars
891,
892,
893,
894,
895,
896,
897,
898,
899,Boeing
900,Vodafone
900,Telekom
901,Areon Impex
902,
903,Amazon.com
903,21st Century Fox
904,ENEL
904,Facebook
905,Telekom
906,Vodafone
906,Erickson
907,
908,Boeing
908,Demaco
908,21st Century Fox
909,
910,
911,
912,ExxonMobil
912,Danone
912,Telekom
913,Vodafone
913,Biolife Grup
913,It Smart Group
914,
915,DynCorp
916,
917,
918,
919,
920,
921,CarMax
921,Boeing
922,Telekom
922,Facebook
923,It Smart Group
924,Apple Inc.
924,Demaco
924,Areon Impex
925,It Smart Group
925,DynCorp
925,Apple Inc.
926,DynCorp
927,
928,Erickson
929,Amazon.com
930,Facebook
930,Biolife Grup
930,21st Century Fox
931,
932,Carrefour
933,Zepter
933,Mars
933,Metro Cash&Carry
934,
935,
936,Boeing
937,
938,Areon Impex
938,Comcast
939,
940,Global Print
940,21st Century Fox
940,Biolife Grup
941,
942,
943,
944,DynCorp
944,21st Century Fox
944,Leadertech Consulting
945,
946,CarMax
947,
948,UPC
948,Biolife Grup
948,Comodo
949,
950,
951,Vodafone
951,DynCorp
951,Erickson
952,21st Century Fox
953,Danone
953,Leadertech Consulting
953,Boeing
954,
955,Mars
956,
957,UPC
957,Metro Cash&Carry
958,Areon Impex
958,Coca-Cola Company
959,
960,Global Print
960,Erickson
960,Danone
961,
962,UPC
963,
964,
965,
966,Comcast
967,Danone
967,BuzzFeed
967,Comcast
968,Comcast
969,It Smart Group
970,Amazon.com
971,
972,21st Century Fox
973,
974,Comcast
975,
976,
977,Amazon.com
977,Mars
977,Facebook
978,Biolife Grup
979,
980,
981,DynCorp
982,
983,
984,BuzzFeed
984,Vodafone
985,
986,21st Century Fox
986,Facebook
986,BuzzFeed
987,
988,Erickson
988,Coca-Cola Company
988,CarMax
989,
990,It Smart Group
991,Amazon.com
991,Facebook
992,
993,Comcast
994,
995,
996,AECOM
997,
998,
999,
1000,ENEL
1000,21st Century Fox
1000,Areon Impex
1001,Global Print
1002,Zepter
1002,Mars
1003,Team Guard SRL
1004,
1005,
1006,BuzzFeed
1007,Demaco
1008,Vodafone
1009,
1010,Facebook
1010,Carrefour
1011,Amazon.com
1012,
1013,
1014,
1015,Comodo
1016,
1017,
1018,Boeing
1019,
1020,Vodafone
1020,DynCorp
1021,Carrefour
1021,Comodo
1021,BuzzFeed
1022,
1023,Biolife Grup
1023,Comodo
1023,DynCorp
1024,Coca-Cola Company
1024,Biolife Grup
1025,21st Century Fox
1026,Team Guard SRL
1026,Apple Inc.
1027,It Smart Group
1028,Zepter
1028,UPC
1029,Zepter
1029,ExxonMobil
1029,Comcast
1030,DynCorp
1030,Danone
1031,Areon Impex
1032,
1033,ENEL
1034,Comodo
1035,
1036,
1037,
1038,Amazon.com
1038,Metro Cash&Carry
1039,Amazon.com
1040,Global Print
1041,
1042,
1043,CarMax
1043,Demaco
1043,Biolife Grup
1044,
1045,Areon Impex
1046,
1047,21st Century Fox
1047,Team Guard SRL
1048,
1049,Mars
1050,
1051,Apple Inc.
1052,
1053,
1054,DynCorp
1055,
1056,
1057,Telekom
1058,
1059,UPC
1060,Amazon.com
1061,
1062,
1063,Comcast
1064,ENEL
1065,Amazon.com
1065,Telekom
1065,UPC
1066,Demaco
1067,DynCorp
1068,
1069,Zepter
1069,Boeing
1069,Mars
1070,
1071,Areon Impex
1072,Erickson
1073,AECOM
1073,21st Century Fox
1074,Zepter
1074,Global Print
1074,Apple Inc.
1075,Comodo
1076,Danone
1077,ENEL
1078,Facebook
1079,
1080,Mars
1081,
1082,
1083,DynCorp
1083,ENEL
1084,Coca-Cola Company
1085,Global Print
1085,Amazon.com
1085,Team Guard SRL
1086,Comcast
1087,Comcast
1088,
1089,Telekom
1089,Comodo
1089,Global Print
1090,
1091,UPC
1092,Metro Cash&Carry
1093,
1094,Telekom
1095,
1096,Coca-Cola Company
1097,
1098,
1099,
1100,
1101,ExxonMobil
1102,Leadertech Consulting
1103,
1104,
1105,Apple Inc.
1105,Biolife Grup
1105,Vodafone
1106,
1107,
1108,
1109,ENEL
1109,21st Century Fox
1110,
1111,
1112,
1113,
1114,Biolife Grup
1114,Erickson
1115,
1116,
1117,ENEL
1117,Coca-Cola Company
1118,
1119,UPC
1120,CarMax
1120,Mars
1120,AECOM
1121,Coca-Cola Company
1122,
1123,Vodafone
1124,Biolife Grup
1124,Telekom
1125,UPC
1125,Telekom
1126,
1127,
1128,
1129,Vodafone
1130,Facebook
1130,Biolife Grup
1130,Erickson
1131,ENEL
1132,
1133,Carrefour
1134,BuzzFeed
1135,
1136,
1137,Coca-Cola Company
1138,Comodo
1139,
1140,
1141,
1142,
1143,DynCorp
1143,Comodo
1143,21st Century Fox
1144,Leadertech Consulting
1144,UPC
1144,ExxonMobil
1145,
1146,
1147,DynCorp
1148,UPC
1149,Erickson
1150,Leadertech Consulting
1150,DynCorp
1151,Zepter
1152,
1153,
1154,
1155,
1156,
1157,DynCorp
1158,BuzzFeed
1158,Zepter
1159,Amazon.com
1160,
1161,Metro Cash&Carry
1162,Amazon.com
1162,Leadertech Consulting
1163,21st Century Fox
1163,DynCorp
1163,Coca-Cola Company
1164,
1165,
1166,
1167,AECOM
1167,It Smart Group
1167,Apple Inc.
1168,
1169,Telekom
1170,Coca-Cola Company
1171,
1172,
1173,
1174,
1175,BuzzFeed
1176,
1177,
1178,CarMax
1178,It Smart Group
1178,Zepter
1179,
1180,
1181,
1182,Global Print
1183,
1184,
1185,Comcast
1186,Vodafone
1186,Metro Cash&Carry
1187,21st Century Fox
1187,ENEL
1187,Mars
1188,Vodafone
1188,Mars
1188,Erickson
1189,
1190,Carrefour
1191,
1192,Telekom
1192,Areon Impex
1193,Comcast
1194,DynCorp
1195,
1196,
1197,BuzzFeed
1197,Metro Cash&Carry
1198,
1199,Comodo
1200,Team Guard SRL
1201,Apple Inc.
1202,
1203,Mars
1203,DynCorp
1204,CarMax
1204,Comodo
1204,Zepter
1205,Metro Cash&Carry
1205,It Smart Group
1206,Danone
1206,DynCorp
1206,Demaco
1207,Apple Inc.
1207,Metro Cash&Carry
1207,Carrefour
1208,Metro Cash&Carry
1208,ENEL
1209,Telekom
1210,Erickson
1210,Facebook
1211,Areon Impex
1211,Telekom
1211,ExxonMobil
1212,
1213,
1214,
1215,Comodo
1216,UPC
1217,AECOM
1218,Areon Impex
1218,Boeing
1218,Vodafone
1219,CarMax
1219,Boeing
1220,
1221,Danone
1222,
1223,UPC
1224,Amazon.com
1225,
1226,
1227,
1228,
1229,CarMax
1230,Comcast
1230,AECOM
1230,Demaco
1231,
1232,
1233,
1234,
1235,Vodafone
1235,Apple Inc.
1236,
1237,
1238,AECOM
1238,Coca-Cola Company
1239,Danone
1239,Telekom
1239,Comcast
1240,Team Guard SRL
1240,Areon Impex
1240,Facebook
1241,
1242,
1243,
1244,Demaco
1245,
1246,AECOM
1246,Amazon.com
1246,It Smart Group
1247,Leadertech Consulting
1248,Mars
1249,
1250,Carrefour
1250,AECOM
1250,Demaco
1251,
1252,Zepter
1253,
1254,Erickson
1254,UPC
1254,Carrefour
1255,
1256,
1257,
1258,
1259,Boeing
1259,Vodafone
1260,It Smart Group
1260,21st Century Fox
1260,Facebook
1261,Danone
1262,Metro Cash&Carry
1263,
1264,
1265,Metro Cash&Carry
1265,Zepter
1266,
1267,
1268,Amazon.com
1269,BuzzFeed
1270,
1271,
1272,Metro Cash&Carry
1273,
1274,Areon Impex
1274,It Smart Group
1274,AECOM
1275,It Smart Group
1276,
1277,Telekom
1278,
1279,
1280,Erickson
1281,Leadertech Consulting
1281,21st Century Fox
1282,
1283,Global Print
1283,Facebook
1283,Comodo
1284,Zepter
1284,Leadertech Consulting
1285,
1286,Mars
1287,DynCorp
1287,ENEL
1288,21st Century Fox
1289,Mars
1290,Global Print
1291,
1292,
1293,Telekom
1293,DynCorp
1294,Areon Impex
1294,Comcast
1294,Zepter
1295,Carrefour
1296,Leadertech Consulting
1296,21st Century Fox
1296,Boeing
1297,Biolife Grup
1297,Comodo
1298,Zepter
1298,Biolife Grup
1299,Demaco
1300,It Smart Group
1301,
1302,
1303,Coca-Cola Company
1303,Metro Cash&Carry
1303,Comodo
1304,
1305,
1306,Coca-Cola Company
1307,
1308,Areon Impex
1309,Boeing
1309,Demaco
1310,AECOM
1311,
1312,
1313,Danone
1313,Leadertech Consulting
1314,
1315,
1316,
1317,
1318,
1319,Danone
1319,Apple Inc.
1320,
1321,
1322,
1323,Biolife Grup
1324,Areon Impex
1325,Amazon.com
1326,
1327,
1328,Danone
1329,Telekom
1329,Facebook
1330,Facebook
1331,
1332,
1333,AECOM
1334,
1335,
1336,
1337,Danone
1337,Demaco
1338,
1339,
1340,ExxonMobil
1341,Areon Impex
1342,Vodafone
1343,Coca-Cola Company
1344,
1345,Metro Cash&Carry
1346,Carrefour
1347,
1348,CarMax
1349,
1350,Areon Impex
1350,Team Guard SRL
1351,
1352,
1353,
1354,
1355,Telekom
1355,ENEL
1356,
1357,Comcast
1357,Mars
1358,Vodafone
1359,DynCorp
1360,
1361,Metro Cash&Carry
1362,
1363,Carrefour
1363,Erickson
1363,Boeing
1364,
1365,DynCorp
1366,
1367,
1368,Demaco
1369,Zepter
1370,
1371,
1372,Amazon.com
1373,Global Print
1374,
1375,Areon Impex
1376,UPC
1377,Metro Cash&Carry
1377,Comodo
1377,Amazon.com
1378,
1379,
1380,Comodo
1381,Comodo
1382,ENEL
1382,Telekom
1383,Danone
1383,ExxonMobil
1384,
1385,
1386,Areon Impex
1387,
1388,DynCorp
1388,It Smart Group
1389,Metro Cash&Carry
1389,Danone
1389,Demaco
1390,
1391,It Smart Group
1392,
1393,Team Guard SRL
1394,Areon Impex
1395,AECOM
1395,Leadertech Consulting
1395,Apple Inc.
1396,Metro Cash&Carry
1396,BuzzFeed
1396,21st Century Fox
1397,
1398,
1399,
1400,
1401,
1402,
1403,
1404,
1405,
1406,
1407,ENEL
1407,ExxonMobil
1407,Zepter
1408,
1409,
1410,
1411,
1412,Areon Impex
1412,Apple Inc.
1412,AECOM
1413,Carrefour
1413,Zepter
1413,UPC
1414,Demaco
1415,Areon Impex
1416,
1417,Comodo
1418,Danone
1418,Demaco
1419,
1420,Coca-Cola Company
1420,Zepter
1421,Telekom
1421,Metro Cash&Carry
1422,
1423,
1424,
1425,
1426,
1427,
1428,
1429,Boeing
1430,Biolife Grup
1430,Amazon.com
1430,BuzzFeed
1431,
1432,
1433,Zepter
1433,21st Century Fox
1433,ENEL
1434,AECOM
1435,
1436,Areon Impex
1437,
1438,
1439,ExxonMobil
1439,Metro Cash&Carry
1440,Danone
1441,CarMax
1441,It Smart Group
1442,
1443,
1444,Telekom
1445,
1446,Biolife Grup
1447,
1448,
1449,21st Century Fox
1450,Zepter
1451,Zepter
1452,Mars
1452,Global Print
1452,Boeing
1453,Danone
1454,Facebook
1455,Boeing
1455,Leadertech Consulting
1455,Biolife Grup
1456,Carrefour
1457,
1458,
1459,Carrefour
1459,Comcast
1459,UPC
1460,DynCorp
1461,
1462,
1463,Zepter
1464,Coca-Cola Company
1464,Telekom
1464,Leadertech Consulting
1465,Amazon.com
1465,Coca-Cola Company
1466,
1467,Facebook
1468,Amazon.com
1468,Coca-Cola Company
1468,Danone
1469,Areon Impex
1469,Comodo
1470,UPC
1470,Biolife Grup
1471,ExxonMobil
1471,Metro Cash&Carry
1472,AECOM
1472,Erickson
1473,
1474,
1475,
1476,
1477,
1478,Erickson
1479,
1480,Coca-Cola Company
1481,BuzzFeed
1482,
1483,It Smart Group
1484,Coca-Cola Company
1484,UPC
1484,21st Century Fox
1485,Comodo
1485,Team Guard SRL
1486,
1487,
1488,
1489,
1490,Biolife Grup
1490,Apple Inc.
1491,
1492,
1493,
1494,
1495,ENEL
1496,
1497,Demaco
1498,Global Print
1498,Demaco
1499,
1500,
1501,Comcast
1501,CarMax
1501,It Smart Group
1502,CarMax
1503,Carrefour
1503,Apple Inc.
1504,Facebook
1504,Coca-Cola Company
1505,Boeing
1505,21st Century Fox
1506,Mars
1506,Team Guard SRL
1506,Biolife Grup
1507,Apple Inc.
1507,Amazon.com
1507,Boeing
1508,Facebook
1508,Leadertech Consulting
1509,Comodo
1509,Team Guard SRL
1510,
1511,
1512,
1513,
1514,ExxonMobil
1514,Boeing
1515,
1516,Coca-Cola Company
1516,It Smart Group
1517,
1518,
1519,
1520,Global Print
1521,BuzzFeed
1522,Boeing
1523,Carrefour
1523,Leadertech Consulting
1523,Demaco
1524,AECOM
1524,Telekom
1524,UPC
1525,
1526,Carrefour
1527,Telekom
1528,Biolife Grup
1529,
1530,Metro Cash&Carry
1530,ENEL
1530,CarMax
1531,Telekom
1531,Coca-Cola Company
1532,Coca-Cola Company
1532,BuzzFeed
1533,Global Print
1533,Erickson
1534,
1535,
1536,
1537,Biolife Grup
1538,
1539,Facebook
1539,21st Century Fox
1539,ExxonMobil
1540,Telekom
1541,
1542,BuzzFeed
1542,Leadertech Consulting
1543,
1544,Danone
1545,DynCorp
1546,
1547,Leadertech Consulting
1548,Danone
1549,It Smart Group
1550,DynCorp
1550,ExxonMobil
1551,
1552,UPC
1553,DynCorp
1553,Amazon.com
1553,Global Print
1554,
1555,
1556,
1557,
1558,Facebook
1559,Vodafone
1559,Leadertech Consulting
1560,It Smart Group
1560,Global Print
1561,
1562,
1563,
1564,Global Print
1564,Vodafone
1564,21st Century Fox
1565,
1566,Danone
1567,Carrefour
1567,Leadertech Consulting
1567,ExxonMobil
1568,DynCorp
1568,Areon Impex
1569,Zepter
1569,Boeing
1569,Telekom
1570,Team Guard SRL
1570,Demaco
1570,Global Print
1571,Amazon.com
1572,
1573,
1574,Facebook
1575,CarMax
1576,
1577,
1578,AECOM
1579,
1580,Facebook
1580,AECOM
1581,
1582,AECOM
1583,
1584,
1585,UPC
1585,Demaco
1585,Facebook
1586,UPC
1587,DynCorp
1587,Carrefour
1587,Mars
1588,
1589,Vodafone
1589,Comodo
1589,ExxonMobil
1590,
1591,UPC
1591,Comcast
1592,Areon Impex
1593,
1594,
1595,
1596,Demaco
1596,Comcast
1596,Mars
1597,
1598,ENEL
1598,Demaco
1598,Comodo
1599,
1600,
1601,
1602,
1603,Zepter
1603,Team Guard SRL
1603,Metro Cash&Carry
1604,
1605,
1606,CarMax
1607,Danone
1607,Global Print
1607,21st Century Fox
1608,Telekom
1609,Comcast
1610,CarMax
1610,Vodafone
1611,
1612,
1613,
1614,Coca-Cola Company
1615,UPC
1616,ExxonMobil
1617,
1618,ExxonMobil
1619,
1620,Zepter
1620,Facebook
1620,ENEL
1621,
1622,Biolife Grup
1622,Zepter
1622,Facebook
1623,Carrefour
1624,
1625,Mars
1625,Facebook
1626,
1627,Comodo
1627,Team Guard SRL
1628,
1629,ExxonMobil
1629,Biolife Grup
1629,Zepter
1630,AECOM
1631,Areon Impex
1631,Leadertech Consulting
1632,
1633,Amazon.com
1633,Biolife Grup
1634,
1635,
1636,ExxonMobil
1636,Apple Inc.
1636,Carrefour
1637,Biolife Grup
1637,Demaco
1638,Team Guard SRL
1639,Demaco
1639,ENEL
1640,Apple Inc.
1640,Vodafone
1641,Boeing
1642,
1643,Mars
1644,
1645,
1646,Coca-Cola Company
1646,Biolife Grup
1646,Team Guard SRL
1647,Boeing
1648,
1649,Zepter
1649,Erickson
1649,Boeing
1650,
1651,Boeing
1652,Apple Inc.
1652,Telekom
1653,
1654,
1655,Metro Cash&Carry
1656,Mars
1657,Amazon.com
1658,UPC
1659,
1660,Biolife Grup
1660,Amazon.com
1660,Boeing
1661,
1662,Comodo
1662,Facebook
1663,Carrefour
1663,Boeing
1663,CarMax
1664,
1665,ENEL
1665,Telekom
1665,Comodo
1666,BuzzFeed
1666,Metro Cash&Carry
1666,It Smart Group
1667,Vodafone
1668,Zepter
1669,Leadertech Consulting
1669,DynCorp
1669,Erickson
1670,
1671,It Smart Group
1672,Team Guard SRL
1673,
1674,ENEL
1674,BuzzFeed
1675,
1676,
1677,ExxonMobil
1678,Telekom
1679,
1680,Facebook
1680,Comodo
1680,Global Print
1681,
1682,
1683,
1684,Danone
1684,Amazon.com
1684,Erickson
1685,
1686,
1687,Facebook
1687,Telekom
1688,Facebook
1689,
1690,
1691,Areon Impex
1692,Leadertech Consulting
1693,UPC
1693,It Smart Group
1694,Telekom
1695,Team Guard SRL
1695,Biolife Grup
1695,Mars
1696,
1697,Team Guard SRL
1697,Telekom
1697,ENEL
1698,Metro Cash&Carry
1699,
1700,
1701,
1702,
1703,
1704,
1705,
1706,
1707,Facebook
1708,It Smart Group
1709,Areon Impex
1710,
1711,BuzzFeed
1712,Amazon.com
1713,
1714,Biolife Grup
1714,ExxonMobil
1714,Erickson
1715,
1716,
1717,It Smart Group
1718,Coca-Cola Company
1719,Comodo
1719,Metro Cash&Carry
1719,CarMax
1720,
1721,Coca-Cola Company
1721,Leadertech Consulting
1721,Boeing
1722,
1723,AECOM
1723,Erickson
1723,Comcast
1724,21st Century Fox
1724,Zepter
1724,Team Guard SRL
1725,Facebook
1725,Vodafone
1726,
1727,
1728,
1729,
1730,
1731,Comcast
1731,Telekom
1731,CarMax
1732,
1733,Leadertech Consulting
1734,Facebook
1735,
1736,
1737,
1738,It Smart Group
1739,
1740,Vodafone
1741,21st Century Fox
1742,
1743,Apple Inc.
1743,It Smart Group
1744,Team Guard SRL
1745,Comodo
1745,Metro Cash&Carry
1746,
1747,
1748,Carrefour
1748,BuzzFeed
1748,Comcast
1749,DynCorp
1750,AECOM
1750,ENEL
1750,Mars
1751,
1752,
1753,
1754,
1755,
1756,
1757,Team Guard SRL
1758,Biolife Grup
1759,
1760,
1761,Biolife Grup
1762,ExxonMobil
1762,Vodafone
1763,Boeing
1763,Global Print
1764,
1765,
1766,
1767,Team Guard SRL
1767,Zepter
1768,
1769,
1770,AECOM
1770,ENEL
1770,Zepter
1771,UPC
1771,21st Century Fox
1772,Areon Impex
1773,ExxonMobil
1773,UPC
1774,
1775,
1776,
1777,Apple Inc.
1777,Amazon.com
1777,Vodafone
1778,
1779,Zepter
1780,Telekom
1780,Metro Cash&Carry
1781,Telekom
1781,UPC
1781,Amazon.com
1782,
1783,Global Print
1783,Comcast
1784,Apple Inc.
1784,Comcast
1785,
1786,
1787,It Smart Group
1788,
1789,ExxonMobil
1790,Telekom
1790,UPC
1791,Coca-Cola Company
1791,Apple Inc.
1791,Mars
1792,
1793,ENEL
1793,DynCorp
1793,BuzzFeed
1794,
1795,Coca-Cola Company
1796,
1797,
1798,
1799,Leadertech Consulting
1799,Boeing
1800,Facebook
1800,UPC
1800,Leadertech Consulting
1801,
1802,It Smart Group
1803,
1804,Danone
1804,Carrefour
1805,Demaco
1805,Erickson
1806,
1807,
1808,
1809,Team Guard SRL
1809,AECOM
1809,ENEL
1810,CarMax
1811,Team Guard SRL
1812,
1813,Danone
1813,Mars
1814,Areon Impex
1815,
1816,CarMax
1816,DynCorp
1816,Apple Inc.
1817,
1818,Danone
1818,Global Print
1818,Areon Impex
1819,DynCorp
1819,ExxonMobil
1820,Areon Impex
1821,
1822,Metro Cash&Carry
1823,Coca-Cola Company
1823,AECOM
1824,
1825,Comodo
1825,Vodafone
1826,
1827,Team Guard SRL
1828,DynCorp
1829,
1830,
1831,
1832,
1833,Mars
1833,Team Guard SRL
1834,Amazon.com
1834,ExxonMobil
1834,Team Guard SRL
1835,Global Print
1835,Mars
1836,Comodo
1836,CarMax
1836,Global Print
1837,It Smart Group
1837,Comodo
1838,Comodo
1838,Team Guard SRL
1838,Telekom
1839,Zepter
1839,BuzzFeed
1840,Team Guard SRL
1840,Vodafone
1841,Mars
1841,Comcast
1842,Leadertech Consulting
1842,Mars
1843,
1844,Apple Inc.
1844,It Smart Group
1845,
1846,Telekom
1846,Demaco
1846,Erickson
1847,
1848,Facebook
1849,
1850,
1851,
1852,ENEL
1852,Erickson
1853,
1854,Global Print
1854,Team Guard SRL
1854,ENEL
1855,
1856,
1857,Areon Impex
1857,DynCorp
1858,It Smart Group
1858,DynCorp
1859,
1860,Leadertech Consulting
1861,
1862,Demaco
1862,Comodo
1862,Erickson
1863,
1864,Facebook
1865,Facebook
1866,Mars
1866,Amazon.com
1866,21st Century Fox
1867,Apple Inc.
1867,Erickson
1868,Biolife Grup
1869,It Smart Group
1870,
1871,Coca-Cola Company
1872,Areon Impex
1872,Comodo
1873,
1874,Apple Inc.
1874,Telekom
1874,Team Guard SRL
1875,
1876,
1877,Metro Cash&Carry
1878,Coca-Cola Company
1878,Telekom
1879,Team Guard SRL
1879,Mars
1879,Erickson
1880,
1881,
1882,
1883,DynCorp
1883,Mars
1883,BuzzFeed
1884,
1885,Zepter
1885,Facebook
1886,BuzzFeed
1886,Mars
1886,Carrefour
1887,
1888,
1889,Telekom
1890,
1891,
1892,
1893,
1894,
1895,Biolife Grup
1895,Zepter
1896,
1897,Carrefour
1898,
1899,
1900,
1901,BuzzFeed
1901,Comodo
1902,Biolife Grup
1902,21st Century Fox
1903,Metro Cash&Carry
1904,
1905,
1906,
1907,
1908,Vodafone
1909,CarMax
1909,Comodo
1909,Global Print
1910,Global Print
1911,
1912,Erickson
1913,Danone
1914,Carrefour
1915,Erickson
1915,Telekom
1915,Zepter
1916,ExxonMobil
1916,BuzzFeed
1917,
1918,Metro Cash&Carry
1918,Global Print
1919,
1920,
1921,
1922,CarMax
1923,BuzzFeed
1923,Boeing
1923,CarMax
1924,
1925,Coca-Cola Company
1925,AECOM
1925,Facebook
1926,Metro Cash&Carry
1926,BuzzFeed
1926,Carrefour
1927,
1928,
1929,Comcast
1929,Apple Inc.
1930,
1931,
1932,Global Print
1933,
1934,
1935,Mars
1935,Danone
1935,DynCorp
1936,
1937,ExxonMobil
1938,
1939,
1940,
1941,Vodafone
1942,Areon Impex
1942,Mars
1943,Global Print
1943,AECOM
1944,Leadertech Consulting
1944,ENEL
1944,Mars
1945,
1946,
1947,
1948,
1949,
1950,Telekom
1951,
1952,Comcast
1953,Vodafone
1953,Coca-Cola Company
1954,Erickson
1954,Mars
1955,
1956,
1957,
1958,
1959,
1960,Vodafone
1960,Metro Cash&Carry
1961,Carrefour
1961,Coca-Cola Company
1962,
1963,
1964,
1965,Vodafone
1966,
1967,
1968,
1969,
1970,Biolife Grup
1970,Vodafone
1970,BuzzFeed
1971,Leadertech Consulting
1972,
1973,Team Guard SRL
1973,Vodafone
1974,
1975,BuzzFeed
1976,CarMax
1977,
1978,
1979,ExxonMobil
1980,Leadertech Consulting
1981,AECOM
1982,Amazon.com
1982,Coca-Cola Company
1983,
1984,
1985,
1986,Facebook
1987,
1988,
1989,
1990,ENEL
1990,Leadertech Consulting
1990,Zepter
1991,
1992,
1993,Apple Inc.
1993,Global Print
1994,AECOM
1994,Global Print
1994,BuzzFeed
1995,
1996,Global Print
1996,Vodafone
1996,BuzzFeed
1997,ExxonMobil
1997,Telekom
1998,
1999,Danone
2000,Amazon.com
2000,Vodafone
2000,Mars
2001,Amazon.com
2002,Team Guard SRL
2003,Leadertech Consulting
2003,Apple Inc.
2004,
2005,
2006,Comcast
2007,Team Guard SRL
2007,Carrefour
2008,
2009,
2010,Global Print
2010,Telekom
2010,UPC
2011,
2012,
2013,
2014,CarMax
2015,
2016,Boeing
2016,DynCorp
2016,Zepter
2017,Danone
2018,Global Print
2019,Carrefour
2019,Mars
2019,BuzzFeed
2020,
2021,Apple Inc.
2022,Telekom
2023,
2024,Amazon.com
2025,Carrefour
2025,Areon Impex
2026,CarMax
2027,Global Print
2027,Apple Inc.
2027,Erickson
2028,
2029,
2030,ENEL
2030,21st Century Fox
2031,Boeing
2032,Boeing
2032,Demaco
2032,ExxonMobil
2033,Biolife Grup
2034,
2035,Zepter
2036,
2037,
2038,
2039,ENEL
2040,Erickson
2041,Carrefour
2041,Apple Inc.
2041,Biolife Grup
2042,
2043,Carrefour
2044,Telekom
2045,Comodo
2045,Global Print
2046,ENEL
2046,AECOM
2046,ExxonMobil
2047,UPC
2048,Leadertech Consulting
2049,Apple Inc.
2050,Comodo
2051,BuzzFeed
2052,Danone
2053,
2054,Coca-Cola Company
2054,Carrefour
2055,Biolife Grup
2055,Apple Inc.
2055,Danone
2056,
2057,DynCorp
2057,ExxonMobil
2058,Boeing
2058,Metro Cash&Carry
2058,Biolife Grup
2059,
2060,Danone
2060,Global Print
2060,Comodo
2061,
2062,Carrefour
2063,Comcast
2063,Boeing
2063,Mars
2064,
2065,Facebook
2066,
2067,
2068,Leadertech Consulting
2068,Zepter
2069,
2070,Global Print
2070,Comodo
2070,Telekom
2071,
2072,Areon Impex
2073,
2074,
2075,
2076,
2077,
2078,DynCorp
2078,Boeing
2079,
2080,
2081,Leadertech Consulting
2082,Areon Impex
2083,Facebook
2084,
2085,AECOM
2085,DynCorp
2085,Facebook
2086,Facebook
2087,Demaco
2088,
2089,
2090,Telekom
2090,Boeing
2090,Areon Impex
2091,
2092,Areon Impex
2093,AECOM
2094,
2095,Boeing
2096,Vodafone
2097,Vodafone
2097,Metro Cash&Carry
2098,
2099,
2100,Team Guard SRL
2100,ExxonMobil
2100,Metro Cash&Carry
2101,
2102,Metro Cash&Carry
2103,Comcast
2104,Biolife Grup
2105,
2106,ExxonMobil
2106,Telekom
2106,UPC
2107,
2108,
2109,Team Guard SRL
2110,Leadertech Consulting
2110,Mars
2111,
2112,
2113,
2114,Comodo
2114,CarMax
2114,Comcast
2115,Erickson
2115,CarMax
2116,21st Century Fox
2117,
2118,BuzzFeed
2119,
2120,
2121,Zepter
2121,Carrefour
2122,Global Print
2122,Demaco
2122,Apple Inc.
2123,
2124,
2125,UPC
2125,Mars
2125,Coca-Cola Company
2126,
2127,
2128,
2129,
2130,ExxonMobil
2130,Mars
2131,
2132,
2133,Coca-Cola Company
2134,BuzzFeed
2135,Erickson
2136,
2137,
2138,
2139,Comodo
2139,Biolife Grup
2139,ENEL
2140,Team Guard SRL
2140,Comcast
2141,
2142,
2143,
2144,
2145,ENEL
2145,It Smart Group
2146,Erickson
2147,Amazon.com
2148,BuzzFeed
2149,
2150,
2151,Erickson
2152,
2153,AECOM
2153,It Smart Group
2153,Boeing
2154,Biolife Grup
2155,BuzzFeed
2156,
2157,Demaco
2157,Telekom
2158,Leadertech Consulting
2159,Demaco
2159,Apple Inc.
2160,
2161,AECOM
2161,Apple Inc.
2162,BuzzFeed
2162,Team Guard SRL
2162,Carrefour
2163,Amazon.com
2163,Telekom
2164,Biolife Grup
2165,CarMax
2165,Amazon.com
2165,ENEL
2166,Global Print
2166,Vodafone
2166,Facebook
2167,
2168,Metro Cash&Carry
2169,
2170,
2171,
2172,
2173,AECOM
2173,Vodafone
2174,Amazon.com
2175,AECOM
2176,
2177,
2178,
2179,Danone
2179,Leadertech Consulting
2179,DynCorp
2180,Vodafone
2180,Areon Impex
2181,
2182,Comodo
2182,Vodafone
2182,Telekom
2183,It Smart Group
2184,
2185,
2186,
2187,It Smart Group
2188,
2189,Vodafone
2190,
2191,Danone
2191,UPC
2192,
2193,
2194,
2195,
2196,Erickson
2197,
2198,
2199,CarMax
2200,AECOM
2200,Global Print
2201,Leadertech Consulting
2201,Coca-Cola Company
2201,Erickson
2202,AECOM
2202,UPC
2203,Zepter
2203,Amazon.com
2204,
2205,
2206,
2207,CarMax
2207,Boeing
2208,
2209,
2210,21st Century Fox
2210,Amazon.com
2210,It Smart Group
2211,Team Guard SRL
2211,Apple Inc.
2212,
2213,
2214,
2215,
2216,Zepter
2217,
2218,
2219,
2220,
2221,Coca-Cola Company
2222,ENEL
2223,ExxonMobil
2224,
2225,Zepter
2225,Danone
2225,Areon Impex
2226,
2227,
2228,Danone
2229,Boeing
2229,21st Century Fox
2229,AECOM
2230,
2231,UPC
2231,Mars
2232,ExxonMobil
2233,
2234,CarMax
2235,21st Century Fox
2236,It Smart Group
2236,Danone
2237,
2238,
2239,
2240,
2241,Areon Impex
2242,Vodafone
2242,Biolife Grup
2242,CarMax
2243,Telekom
2243,Boeing
2243,BuzzFeed
2244,21st Century Fox
2244,Carrefour
2245,DynCorp
2245,Global Print
2245,UPC
2246,
2247,Areon Impex
2248,ExxonMobil
2249,
2250,
2251,
2252,Boeing
2253,
2254,Comcast
2254,UPC
2255,Boeing
2256,
2257,
2258,Team Guard SRL
2259,DynCorp
2260,
2261,It Smart Group
2262,
2263,
2264,
2265,
2266,Biolife Grup
2267,
2268,BuzzFeed
2269,ENEL
2270,Global Print
2271,
2272,Areon Impex
2273,
2274,
2275,Vodafone
2275,It Smart Group
2276,
2277,
2278,Team Guard SRL
2279,BuzzFeed
2279,21st Century Fox
2279,Facebook
2280,CarMax
2280,Comodo
2281,Metro Cash&Carry
2281,It Smart Group
2281,Danone
2282,Coca-Cola Company
2282,DynCorp
2282,Areon Impex
2283,
2284,
2285,
2286,
2287,DynCorp
2287,BuzzFeed
2287,Boeing
2288,Erickson
2288,Demaco
2289,
2290,
2291,
2292,Mars
2292,Demaco
2292,Zepter
2293,BuzzFeed
2294,
2295,
2296,Metro Cash&Carry
2296,UPC
2297,It Smart Group
2297,Comodo
2298,
2299,Apple Inc.
2300,
2301,
2302,CarMax
2303,Erickson
2303,Apple Inc.
2303,It Smart Group
2304,Zepter
2305,Facebook
2306,
2307,
2308,
2309,Biolife Grup
2310,Mars
2310,Comodo
2310,Vodafone
2311,
2312,
2313,
2314,
2315,Demaco
2316,Biolife Grup
2316,AECOM
2317,
2318,
2319,BuzzFeed
2320,Apple Inc.
2320,Zepter
2320,Global Print
2321,
2322,UPC
2322,Coca-Cola Company
2323,21st Century Fox
2324,
2325,Coca-Cola Company
2326,
2327,Global Print
2327,ExxonMobil
2328,Leadertech Consulting
2329,BuzzFeed
2330,
2331,AECOM
2332,Comcast
2332,AECOM
2333,21st Century Fox
2333,ExxonMobil
2333,Comcast
2334,
2335,
2336,Danone
2336,Telekom
2337,Telekom
2337,Carrefour
2338,Carrefour
2339,
2340,DynCorp
2340,Areon Impex
2340,Global Print
2341,
2342,
2343,It Smart Group
2343,Erickson
2343,Carrefour
2344,DynCorp
2344,Biolife Grup
2344,Mars
2345,CarMax
2346,21st Century Fox
2347,
2348,
2349,
2350,Facebook
2351,Apple Inc.
2351,Team Guard SRL
2352,
2353,
2354,Danone
2354,Coca-Cola Company
2355,
2356,
2357,Danone
2357,ExxonMobil
2357,Erickson
2358,Facebook
2359,
2360,AECOM
2360,ExxonMobil
2360,Global Print
2361,Vodafone
2362,
2363,
2364,
2365,
2366,Global Print
2367,
2368,Carrefour
2368,UPC
2369,
2370,
2371,
2372,Global Print
2372,DynCorp
2372,UPC
2373,
2374,Areon Impex
2375,
2376,
2377,
2378,Boeing
2379,DynCorp
2380,Global Print
2381,
2382,BuzzFeed
2382,Apple Inc.
2382,Team Guard SRL
2383,BuzzFeed
2383,Amazon.com
2383,Areon Impex
2384,
2385,ENEL
2385,It Smart Group
2385,DynCorp
2386,BuzzFeed
2387,21st Century Fox
2388,
2389,
2390,
2391,Zepter
2391,Team Guard SRL
2392,
2393,
2394,Comodo
2394,Telekom
2395,
2396,
2397,Comcast
2398,
2399,
2400,
2401,CarMax
2401,Boeing
2401,Erickson
2402,Comcast
2402,Demaco
2402,Comodo
2403,Telekom
2403,Comodo
2404,
2405,
2406,BuzzFeed
2406,21st Century Fox
2407,Demaco
2408,
2409,
2410,Leadertech Consulting
2410,DynCorp
2411,
2412,Global Print
2412,Coca-Cola Company
2412,Comcast
2413,
2414,
2415,Boeing
2416,
2417,
2418,
2419,Carrefour
2420,
2421,
2422,
2423,
2424,
2425,
2426,
2427,
2428,
2429,
2430,
2431,Erickson
2431,ExxonMobil
2432,DynCorp
2432,Vodafone
2433,
2434,BuzzFeed
2435,Comcast
2436,21st Century Fox
2436,Apple Inc.
2436,Areon Impex
2437,Metro Cash&Carry
2438,CarMax
2438,Leadertech Consulting
2438,Amazon.com
2439,ENEL
2439,Biolife Grup
2439,Metro Cash&Carry
2440,
2441,UPC
2442,
2443,Danone
2444,AECOM
2445,Metro Cash&Carry
2445,Zepter
2446,DynCorp
2446,Facebook
2447,
2448,It Smart Group
2448,Coca-Cola Company
2449,
2450,Facebook
2450,Comcast
2451,
2452,BuzzFeed
2453,
2454,
2455,
2456,
2457,
2458,Apple Inc.
2458,Leadertech Consulting
2459,BuzzFeed
2460,
2461,Boeing
2462,
2463,
2464,
2465,
2466,Boeing
2466,Danone
2466,Mars
2467,
2468,
2469,
2470,BuzzFeed
2471,Leadertech Consulting
2472,Mars
2472,Areon Impex
2473,It Smart Group
2473,Vodafone
2473,Carrefour
2474,
2475,21st Century Fox
2476,Carrefour
2476,Erickson
2476,It Smart Group
2477,Amazon.com
2477,Comcast
2478,ExxonMobil
2479,
2480,
2481,
2482,
2483,
2484,
2485,Amazon.com
2485,BuzzFeed
2486,
2487,
2488,
2489,
2490,
2491,Metro Cash&Carry
2492,Comcast
2492,UPC
2493,
2494,
2495,Carrefour
2495,Facebook
2496,
2497,Vodafone
2497,Team Guard SRL
2498,
2499,
2500,Coca-Cola Company
2500,Apple Inc.
2501,
2502,
2503,
2504,Metro Cash&Carry
2504,AECOM
2505,Danone
2505,Zepter
2505,ExxonMobil
2506,
2507,
2508,
2509,
2510,
2511,
2512,Facebook
2512,Mars
2512,BuzzFeed
2513,Zepter
2514,
2515,
2516,
2517,
2518,
2519,
2520,
2521,It Smart Group
2521,Demaco
2522,
2523,
2524,
2525,
2526,Global Print
2526,UPC
2526,Mars
2527,ENEL
2527,Comodo
2527,Zepter
2528,Apple Inc.
2528,Vodafone
2529,
2530,CarMax
2530,Areon Impex
2531,
2532,Mars
2533,
2534,CarMax
2534,Metro Cash&Carry
2534,Mars
2535,21st Century Fox
2536,ExxonMobil
2536,Boeing
2536,Leadertech Consulting
2537,Mars
2538,
2539,Areon Impex
2539,ExxonMobil
2540,Team Guard SRL
2540,Facebook
2541,Zepter
2542,
2543,
2544,
2545,Areon Impex
2545,Biolife Grup
2545,AECOM
2546,
2547,ENEL
2547,Team Guard SRL
2548,AECOM
2549,
2550,Carrefour
2551,
2552,
2553,
2554,Mars
2555,
2556,Global Print
2556,Danone
2557,
2558,BuzzFeed
2559,
2560,
2561,Mars
2561,Biolife Grup
2562,
2563,Telekom
2563,AECOM
2564,
2565,Boeing
2566,ExxonMobil
2566,Comcast
2566,Carrefour
2567,Telekom
2568,Leadertech Consulting
2568,It Smart Group
2568,Global Print
2569,Comodo
2570,Metro Cash&Carry
2570,Areon Impex
2570,Coca-Cola Company
2571,
2572,Team Guard SRL
2572,Comcast
2573,Telekom
2573,AECOM
2574,Erickson
2574,Carrefour
2575,Zepter
2575,Carrefour
2576,Danone
2576,DynCorp
2577,
2578,ExxonMobil
2579,
2580,
2581,
2582,ExxonMobil
2582,ENEL
2583,Facebook
2583,Vodafone
2584,
2585,
2586,
2587,
2588,Global Print
2589,
2590,
2591,
2592,BuzzFeed
2592,AECOM
2592,Team Guard SRL
2593,Vodafone
2594,
2595,Comodo
2596,Amazon.com
2596,Team Guard SRL
2596,Metro Cash&Carry
2597,
2598,
2599,Danone
2600,Coca-Cola Company
2601,Team Guard SRL
2601,DynCorp
2601,Erickson
2602,
2603,
2604,UPC
2604,Coca-Cola Company
2605,21st Century Fox
2606,
2607,
2608,AECOM
2608,Amazon.com
2608,Comcast
2609,
2610,
2611,Telekom
2611,Biolife Grup
2612,Leadertech Consulting
2613,Facebook
2613,BuzzFeed
2613,Leadertech Consulting
2614,
2615,Comcast
2616,
2617,
2618,Coca-Cola Company
2619,CarMax
2619,Demaco
2619,Biolife Grup
2620,
2621,Areon Impex
2622,
2623,Erickson
2623,ENEL
2624,
2625,CarMax
2625,Team Guard SRL
2626,BuzzFeed
2627,
2628,ExxonMobil
2629,
2630,
2631,
2632,Danone
2632,ENEL
2633,
2634,
2635,
2636,
2637,
2638,
2639,
2640,UPC
2641,Danone
2641,Team Guard SRL
2641,Comodo
2642,
2643,
2644,Leadertech Consulting
2644,Global Print
2644,ExxonMobil
2645,Apple Inc.
2645,Mars
2645,Leadertech Consulting
2646,Amazon.com
2646,ExxonMobil
2647,Boeing
2647,Comodo
2647,Facebook
2648,
2649,
2650,
2651,
2652,Erickson
2653,
2654,
2655,Boeing
2655,Global Print
2656,Facebook
2656,Telekom
2657,
2658,Amazon.com
2658,Team Guard SRL
2659,
2660,
2661,
2662,DynCorp
2663,UPC
2664,
2665,Carrefour
2666,
2667,Boeing
2668,Comcast
2669,Apple Inc.
2670,
2671,Erickson
2672,
2673,
2674,It Smart Group
2675,UPC
2676,
2677,Zepter
2677,ExxonMobil
2678,
2679,Amazon.com
2680,
2681,Team Guard SRL
2682,AECOM
2683,Comcast
2684,
2685,
2686,
2687,
2688,Biolife Grup
2689,
2690,
2691,
2692,
2693,Erickson
2693,Global Print
2694,
2695,Biolife Grup
2696,Telekom
2696,21st Century Fox
2696,Comodo
2697,
2698,
2699,
2700,
2701,
2702,
2703,
2704,
2705,Zepter
2705,It Smart Group
2705,UPC
2706,
2707,
2708,Comcast
2709,Global Print
2710,
2711,
2712,BuzzFeed
2712,Coca-Cola Company
2713,
2714,
2715,
2716,
2717,UPC
2718,
2719,
2720,Danone
2721,
2722,UPC
2722,Leadertech Consulting
2723,Erickson
2724,
2725,Global Print
2725,Zepter
2726,
2727,
2728,
2729,
2730,Areon Impex
2731,
2732,
2733,
2734,Zepter
2734,BuzzFeed
2734,Metro Cash&Carry
2735,Comodo
2735,Biolife Grup
2735,Carrefour
2736,Vodafone
2737,Coca-Cola Company
2737,Amazon.com
2738,BuzzFeed
2738,It Smart Group
2738,Areon Impex
2739,Vodafone
2739,Areon Impex
2739,Comcast
2740,Coca-Cola Company
2741,21st Century Fox
2742,Amazon.com
2742,ExxonMobil
2743,
2744,Apple Inc.
2744,CarMax
2744,Comodo
2745,
2746,ENEL
2746,Danone
2747,
2748,CarMax
2749,Biolife Grup
2750,
2751,
2752,
2753,Erickson
2754,
2755,
2756,
2757,Comcast
2758,
2759,
2760,
2761,BuzzFeed
2762,Vodafone
2762,Telekom
2763,Telekom
2763,Biolife Grup
2764,Comcast
2764,Vodafone
2765,Demaco
2766,
2767,
2768,Biolife Grup
2769,
2770,
2771,Areon Impex
2771,AECOM
2772,It Smart Group
2772,Demaco
2773,AECOM
2774,
2775,It Smart Group
2775,Amazon.com
2775,DynCorp
2776,
2777,
2778,
2779,
2780,
2781,
2782,
2783,
2784,
2785,AECOM
2786,
2787,Zepter
2787,ENEL
2788,Global Print
2788,Comcast
2789,
2790,
2791,AECOM
2791,Amazon.com
2791,Comodo
2792,
2793,Apple Inc.
2793,Amazon.com
2794,
2795,
2796,
2797,Biolife Grup
2797,AECOM
2798,
2799,
2800,Carrefour
2801,Demaco
2801,Facebook
2802,
2803,Leadertech Consulting
2803,Coca-Cola Company
2804,Areon Impex
2805,Global Print
2806,
2807,
2808,
2809,Leadertech Consulting
2810,Apple Inc.
2810,Coca-Cola Company
2810,DynCorp
2811,
2812,Facebook
2813,Erickson
2813,DynCorp
2813,Global Print
2814,
2815,Mars
2816,ExxonMobil
2817,
2818,
2819,ENEL
2820,Amazon.com
2820,AECOM
2820,Erickson
2821,
2822,
2823,
2824,ENEL
2825,Amazon.com
2825,BuzzFeed
2825,Danone
2826,
2827,
2828,AECOM
2829,Facebook
2829,Mars
2829,Biolife Grup
2830,21st Century Fox
2831,
2832,ENEL
2832,Boeing
2832,CarMax
2833,Danone
2834,
2835,BuzzFeed
2836,
2837,Amazon.com
2838,UPC
2838,Comodo
2839,
2840,
2841,
2842,
2843,
2844,AECOM
2845,
2846,
2847,Team Guard SRL
2847,Telekom
2847,21st Century Fox
2848,
2849,Team Guard SRL
2849,Facebook
2850,
2851,Biolife Grup
2852,
2853,Biolife Grup
2854,Carrefour
2855,
2856,Zepter
2857,Telekom
2858,Erickson
2858,Demaco
2858,ENEL
2859,
2860,
2861,ENEL
2862,Danone
2863,Vodafone
2864,
2865,Telekom
2866,
2867,
2868,
2869,DynCorp
2869,Metro Cash&Carry
2869,AECOM
2870,
2871,21st Century Fox
2871,AECOM
2871,Areon Impex
2872,Carrefour
2872,Leadertech Consulting
2872,CarMax
2873,
2874,Facebook
2874,Team Guard SRL
2874,Amazon.com
2875,
2876,Apple Inc.
2877,Global Print
2877,Mars
2878,
2879,
2880,Areon Impex
2881,
2882,Zepter
2882,Boeing
2882,Carrefour
2883,
2884,
2885,
2886,21st Century Fox
2887,
2888,
2889,
2890,
2891,Vodafone
2892,Global Print
2892,AECOM
2893,Metro Cash&Carry
2893,Areon Impex
2894,Danone
2895,
2896,Global Print
2896,Facebook
2896,CarMax
2897,
2898,Comcast
2898,Boeing
2898,Amazon.com
2899,21st Century Fox
2900,Telekom
2900,Biolife Grup
2901,Coca-Cola Company
2902,Amazon.com
2903,Danone
2903,Global Print
2904,Danone
2905,
2906,
2907,
2908,
2909,
2910,Biolife Grup
2910,Amazon.com
2911,
2912,
2913,
2914,
2915,
2916,
2917,BuzzFeed
2918,
2919,ExxonMobil
2920,Global Print
2920,Coca-Cola Company
2920,Boeing
2921,AECOM
2921,Zepter
2922,
2923,21st Century Fox
2924,
2925,It Smart Group
2925,Comcast
2925,Metro Cash&Carry
2926,Leadertech Consulting
2927,
2928,
2929,Amazon.com
2929,Carrefour
2929,Erickson
2930,
2931,Metro Cash&Carry
2931,Facebook
2932,Metro Cash&Carry
2933,
2934,
2935,
2936,
2937,
2938,Demaco
2939,
2940,
2941,Biolife Grup
2942,DynCorp
2943,Global Print
2943,Facebook
2943,Danone
2944,Biolife Grup
2945,Danone
2946,
2947,Amazon.com
2947,ExxonMobil
2947,Zepter
2948,ExxonMobil
2949,It Smart Group
2950,Danone
2951,Telekom
2952,
2953,Demaco
2953,Leadertech Consulting
2954,It Smart Group
2954,DynCorp
2954,21st Century Fox
2955,Boeing
2956,UPC
2957,
2958,Facebook
2959,
2960,
2961,Biolife Grup
2961,Mars
2961,Boeing
2962,DynCorp
2962,Danone
2962,Zepter
2963,
2964,
2965,Areon Impex
2966,Biolife Grup
2966,Facebook
2966,Leadertech Consulting
2967,Coca-Cola Company
2967,Carrefour
2967,Demaco
2968,
2969,Danone
2969,Team Guard SRL
2970,
2971,Metro Cash&Carry
2972,Zepter
2972,Demaco
2972,Amazon.com
2973,Leadertech Consulting
2974,
2975,Apple Inc.
2976,
2977,
2978,
2979,Vodafone
2980,Erickson
2980,BuzzFeed
2980,AECOM
2981,It Smart Group
2982,
2983,
2984,
2985,
2986,
2987,
2988,
2989,Biolife Grup
2990,Metro Cash&Carry
2991,Demaco
2991,Danone
2992,
2993,
2994,
2995,Amazon.com
2995,Vodafone
2996,
2997,
2998,
2999,AECOM
2999,Boeing
2999,Global Print
3000,AECOM
3000,Metro Cash&Carry
3001,CarMax
3001,Team Guard SRL
3001,Comodo
3002,Team Guard SRL
3003,ENEL
3003,Demaco
3003,Telekom
3004,
3005,
3006,AECOM
3007,
3008,
3009,Areon Impex
3009,Comodo
3010,
3011,
3012,Telekom
3013,Boeing
3013,It Smart Group
3013,BuzzFeed
3014,Mars
3015,Comodo
3015,Metro Cash&Carry
3016,Telekom
3017,
3018,AECOM
3018,Vodafone
3018,Comcast
3019,Metro Cash&Carry
3020,UPC
3020,Carrefour
3020,Team Guard SRL
3021,
3022,
3023,Danone
3023,ENEL
3024,
3025,Carrefour
3026,BuzzFeed
3027,
3028,
3029,Carrefour
3030,21st Century Fox
3031,
3032,
3033,BuzzFeed
3033,Global Print
3033,Biolife Grup
3034,Mars
3034,UPC
3034,It Smart Group
3035,
3036,
3037,Mars
3038,Mars
3039,21st Century Fox
3040,
3041,DynCorp
3041,Demaco
3041,Carrefour
3042,Areon Impex
3042,Leadertech Consulting
3043,ENEL
3043,Vodafone
3044,Team Guard SRL
3045,It Smart Group
3046,Danone
3046,Team Guard SRL
3047,
3048,ExxonMobil
3048,Erickson
3048,Coca-Cola Company
3049,Leadertech Consulting
3050,Facebook
3051,Areon Impex
3052,CarMax
3053,Apple Inc.
3054,
3055,
3056,
3057,
3058,
3059,Danone
3059,Leadertech Consulting
3059,Biolife Grup
3060,BuzzFeed
3060,ExxonMobil
3061,Mars
3061,CarMax
3062,Boeing
3062,Global Print
3062,CarMax
3063,Demaco
3063,21st Century Fox
3064,
3065,BuzzFeed
3066,Mars
3067,
3068,CarMax
3068,Demaco
3069,Boeing
3069,Comcast
3069,Danone
3070,Telekom
3071,Facebook
3072,
3073,
3074,Vodafone
3075,Amazon.com
3075,Zepter
3075,Areon Impex
3076,
3077,Carrefour
3077,Danone
3078,
3079,Demaco
3079,21st Century Fox
3080,Comodo
3081,
3082,Carrefour
3083,
3084,Leadertech Consulting
3084,Team Guard SRL
3084,Metro Cash&Carry
3085,Biolife Grup
3086,
3087,Facebook
3088,
3089,
3090,
3091,
3092,
3093,Team Guard SRL
3093,Facebook
3093,Global Print
3094,Team Guard SRL
3095,
3096,Demaco
3096,Areon Impex
3096,Team Guard SRL
3097,Demaco
3098,BuzzFeed
3098,Erickson
3098,Coca-Cola Company
3099,Erickson
3099,Metro Cash&Carry
3100,Zepter
3101,
3102,Global Print
3103,DynCorp
3104,
3105,
3106,
3107,Apple Inc.
3108,
3109,Facebook
3109,BuzzFeed
3110,
3111,Telekom
3111,Amazon.com
3112,
3113,Amazon.com
3114,
3115,Zepter
3116,Telekom
3116,Comcast
3117,
3118,
3119,
3120,
3121,Demaco
3122,Vodafone
3123,
3124,
3125,
3126,
3127,
3128,Amazon.com
3128,Coca-Cola Company
3128,Carrefour
3129,UPC
3130,It Smart Group
3131,Erickson
3131,Metro Cash&Carry
3131,It Smart Group
3132,
3133,
3134,Danone
3135,Amazon.com
3135,Comodo
3135,Carrefour
3136,Global Print
3136,Mars
3136,It Smart Group
3137,Carrefour
3138,Mars
3138,Danone
3138,21st Century Fox
3139,
3140,
3141,
3142,
3143,DynCorp
3144,Erickson
3145,ExxonMobil
3146,Zepter
3146,DynCorp
3147,Zepter
3148,Zepter
3149,
3150,Coca-Cola Company
3150,Global Print
3151,Mars
3152,Demaco
3152,Leadertech Consulting
3152,Team Guard SRL
3153,
3154,
3155,
3156,
3157,CarMax
3157,Zepter
3157,21st Century Fox
3158,
3159,Leadertech Consulting
3159,DynCorp
3160,
3161,
3162,
3163,Boeing
3163,BuzzFeed
3163,Coca-Cola Company
3164,
3165,Coca-Cola Company
3166,Demaco
3166,Team Guard SRL
3166,BuzzFeed
3167,Global Print
3167,Biolife Grup
3168,Biolife Grup
3168,Amazon.com
3168,ExxonMobil
3169,
3170,Boeing
3170,CarMax
3171,AECOM
3171,Danone
3172,
3173,
3174,
3175,ExxonMobil
3175,BuzzFeed
3175,It Smart Group
3176,
3177,
3178,Global Print
3179,21st Century Fox
3180,
3181,
3182,Mars
3183,Metro Cash&Carry
3184,Global Print
3184,It Smart Group
3184,Comcast
3185,
3186,
3187,Leadertech Consulting
3188,Comcast
3188,Boeing
3189,
3190,Carrefour
3190,Leadertech Consulting
3191,UPC
3192,Demaco
3192,21st Century Fox
3193,Amazon.com
3194,21st Century Fox
3195,21st Century Fox
3195,DynCorp
3195,Mars
3196,Biolife Grup
3197,Boeing
3197,AECOM
3198,
3199,Danone
3199,Carrefour
3200,Danone
3200,AECOM
3200,Amazon.com
3201,
3202,Demaco
3202,Comodo
3202,Carrefour
3203,
3204,
3205,Vodafone
3206,DynCorp
3206,Danone
3207,Global Print
3208,Leadertech Consulting
3208,Carrefour
3208,ENEL
3209,Zepter
3210,
3211,
3212,
3213,BuzzFeed
3213,Team Guard SRL
3213,Telekom
3214,
3215,AECOM
3216,
3217,ENEL
3218,
3219,
3220,
3221,
3222,AECOM
3223,Carrefour
3224,
3225,
3226,
3227,ENEL
3228,
3229,Vodafone
3229,Demaco
3229,Comodo
3230,
3231,
3232,
3233,
3234,Global Print
3235,BuzzFeed
3236,
3237,
3238,
3239,CarMax
3240,
3241,
3242,It Smart Group
3243,AECOM
3244,ENEL
3244,Mars
3245,
3246,Telekom
3247,Erickson
3247,Team Guard SRL
3247,Biolife Grup
3248,
3249,
3250,UPC
3250,Areon Impex
3251,Erickson
3252,ExxonMobil
3252,Boeing
3253,Zepter
3254,Comcast
3254,Global Print
3254,Zepter
3255,DynCorp
3255,ExxonMobil
3255,AECOM
3256,
3257,Amazon.com
3257,Leadertech Consulting
3257,CarMax
3258,Erickson
3258,Carrefour
3258,Demaco
3259,Coca-Cola Company
3259,Facebook
3259,Global Print
3260,
3261,Erickson
3261,Leadertech Consulting
3262,Mars
3262,Team Guard SRL
3263,21st Century Fox
3264,
3265,Facebook
3266,
3267,Demaco
3268,DynCorp
3268,ENEL
3268,It Smart Group
3269,
3270,
3271,
3272,
3273,
3274,Leadertech Consulting
3275,21st Century Fox
3276,
3277,Zepter
3278,Zepter
3279,
3280,Team Guard SRL
3280,Telekom
3281,Facebook
3282,Comcast
3283,
3284,
3285,
3286,
3287,
3288,Carrefour
3288,Amazon.com
3288,BuzzFeed
3289,
3290,
3291,Vodafone
3292,
3293,
3294,
3295,AECOM
3295,Apple Inc.
3296,
3297,
3298,Comodo
3298,Demaco
3299,
3300,
3301,
3302,
3303,Leadertech Consulting
3304,
3305,
3306,
3307,Danone
3308,Telekom
3308,Comodo
3308,Global Print
3309,AECOM
3309,Apple Inc.
3309,Team Guard SRL
3310,
3311,Comcast
3311,Leadertech Consulting
3311,Demaco
3312,
3313,
3314,
3315,Demaco
3315,Coca-Cola Company
3316,
3317,
3318,
3319,ExxonMobil
3319,UPC
3320,
3321,
3322,Amazon.com
3322,Comcast
3323,Biolife Grup
3324,
3325,CarMax
3325,Telekom
3326,
3327,Boeing
3328,
3329,
3330,Global Print
3331,
3332,
3333,
3334,
3335,Danone
3336,ENEL
3337,Amazon.com
3337,Telekom
3338,Biolife Grup
3339,
3340,Comcast
3340,Metro Cash&Carry
3341,
3342,Erickson
3342,21st Century Fox
3342,Boeing
3343,
3344,
3345,Vodafone
3346,Danone
3346,Coca-Cola Company
3347,
3348,Facebook
3348,It Smart Group
3348,Metro Cash&Carry
3349,Boeing
3350,Coca-Cola Company
3350,Amazon.com
3351,
3352,Leadertech Consulting
3352,Erickson
3352,Biolife Grup
3353,Comodo
3353,Carrefour
3354,
3355,
3356,Apple Inc.
3356,Global Print
3356,Metro Cash&Carry
3357,
3358,
3359,
3360,
3361,Areon Impex
3361,Boeing
3362,BuzzFeed
3362,Apple Inc.
3363,
3364,Metro Cash&Carry
3364,Zepter
3364,Global Print
3365,
3366,
3367,Coca-Cola Company
3368,Vodafone
3369,Danone
3369,Telekom
3370,
3371,Amazon.com
3372,Areon Impex
3373,Mars
3374,Carrefour
3374,Erickson
3374,Mars
3375,Comcast
3375,Amazon.com
3375,Mars
3376,
3377,ExxonMobil
3378,ExxonMobil
3378,CarMax
3379,Mars
3379,Areon Impex
3380,
3381,Zepter
3382,Erickson
3382,Areon Impex
3382,UPC
3383,
3384,
3385,Comcast
3385,Boeing
3385,Erickson
3386,
3387,
3388,
3389,Erickson
3390,Areon Impex
3390,ENEL
3390,UPC
3391,
3392,
3393,Apple Inc.
3393,UPC
3393,ExxonMobil
3394,
3395,Comcast
3395,Mars
3395,Facebook
3396,
3397,
3398,
3399,Amazon.com
3400,
3401,Global Print
3402,
3403,
3404,Vodafone
3405,Danone
3406,
3407,
3408,
3409,CarMax
3409,ExxonMobil
3409,Vodafone
3410,Erickson
3411,Erickson
3412,Facebook
3413,ENEL
3413,Leadertech Consulting
3413,Telekom
3414,Team Guard SRL
3414,BuzzFeed
3415,
3416,
3417,Danone
3417,Comcast
3417,Facebook
3418,Metro Cash&Carry
3418,Erickson
3419,
3420,
3421,AECOM
3422,DynCorp
3423,
3424,Global Print
3425,
3426,Apple Inc.
3427,
3428,Demaco
3428,CarMax
3428,Global Print
3429,Demaco
3429,Areon Impex
3429,21st Century Fox
3430,Biolife Grup
3431,
3432,
3433,
3434,AECOM
3435,
3436,Coca-Cola Company
3436,Danone
3436,Boeing
3437,
3438,Facebook
3439,Leadertech Consulting
3440,Boeing
3441,
3442,
3443,Mars
3444,
3445,
3446,
3447,
3448,AECOM
3448,Mars
3449,
3450,Team Guard SRL
3451,Carrefour
3452,It Smart Group
3452,Boeing
3452,ExxonMobil
3453,Erickson
3454,
3455,
3456,
3457,Global Print
3457,Biolife Grup
3457,Vodafone
3458,
3459,Carrefour
3460,Danone
3461,
3462,CarMax
3462,Metro Cash&Carry
3462,It Smart Group
3463,Danone
3464,
3465,Coca-Cola Company
3466,
3467,
3468,BuzzFeed
3469,
3470,
3471,AECOM
3472,Coca-Cola Company
3472,AECOM
3472,Biolife Grup
3473,Comcast
3474,Comodo
3475,Carrefour
3476,
3477,
3478,
3479,Areon Impex
3480,
3481,AECOM
3481,Apple Inc.
3482,Team Guard SRL
3482,Demaco
3482,Leadertech Consulting
3483,Areon Impex
3483,BuzzFeed
3483,Demaco
3484,
3485,Apple Inc.
3486,Mars
3487,
3488,Danone
3488,UPC
3488,DynCorp
3489,
3490,
3491,Telekom
3492,Coca-Cola Company
3493,CarMax
3494,Zepter
3495,It Smart Group
3495,UPC
3496,
3497,
3498,AECOM
3499,Demaco
3499,Areon Impex
3500,
3501,Mars
3502,Telekom
3502,Erickson
3503,Mars
3503,Coca-Cola Company
3503,Danone
3504,
3505,DynCorp
3505,Coca-Cola Company
3505,Carrefour
3506,Amazon.com
3507,21st Century Fox
3508,
3509,
3510,ExxonMobil
3511,Amazon.com
3511,Metro Cash&Carry
3512,Telekom
3513,
3514,Leadertech Consulting
3514,It Smart Group
3515,
3516,Carrefour
3517,
3518,
3519,
3520,DynCorp
3520,Comcast
3521,Amazon.com
3522,Comcast
3522,Facebook
3522,Apple Inc.
3523,UPC
3523,Telekom
3523,Amazon.com
3524,Demaco
3524,Metro Cash&Carry
3524,Amazon.com
3525,
3526,Demaco
3527,
3528,
3529,
3530,Biolife Grup
3531,Leadertech Consulting
3532,
3533,
3534,Amazon.com
3534,21st Century Fox
3534,Vodafone
3535,
3536,
3537,BuzzFeed
3537,UPC
3537,AECOM
3538,Zepter
3539,Comodo
3539,Demaco
3540,Demaco
3541,BuzzFeed
3542,
3543,
3544,
3545,
3546,
3547,Carrefour
3548,
3549,Leadertech Consulting
3550,Carrefour
3550,Biolife Grup
3551,Apple Inc.
3552,
3553,ENEL
3554,
3555,ExxonMobil
3556,Danone
3556,Comcast
3557,
3558,
3559,Mars
3560,
3561,Global Print
3561,Telekom
3561,Metro Cash&Carry
3562,AECOM
3563,UPC
3564,It Smart Group
3565,Danone
3566,
3567,UPC
3568,AECOM
3568,Erickson
3569,
3570,
3571,Vodafone
3572,
3573,
3574,Erickson
3575,
3576,
3577,
3578,BuzzFeed
3578,Zepter
3578,Erickson
3579,Areon Impex
3579,Team Guard SRL
3580,
3581,Apple Inc.
3582,Erickson
3583,Telekom
3584,
3585,
3586,
3587,Boeing
3588,
3589,
3590,
3591,DynCorp
3591,Danone
3591,ENEL
3592,
3593,Comcast
3594,
3595,Carrefour
3595,Demaco
3596,Erickson
3596,21st Century Fox
3597,CarMax
3598,
3599,It Smart Group
3599,UPC
3600,21st Century Fox
3600,ExxonMobil
3600,Telekom
3601,Demaco
3602,DynCorp
3602,Comcast
3603,
3604,Coca-Cola Company
3604,Apple Inc.
3604,Biolife Grup
3605,
3606,Demaco
3606,Carrefour
3606,Global Print
3607,
3608,Facebook
3608,ExxonMobil
3608,Apple Inc.
3609,Global Print
3610,
3611,Metro Cash&Carry
3611,21st Century Fox
3612,
3613,Metro Cash&Carry
3613,DynCorp
3614,Zepter
3615,BuzzFeed
3615,UPC
3615,AECOM
3616,
3617,Areon Impex
3618,Danone
3619,
3620,
3621,
3622,
3623,
3624,
3625,
3626,
3627,
3628,
3629,Comcast
3629,Demaco
3630,ExxonMobil
3630,21st Century Fox
3630,AECOM
3631,
3632,It Smart Group
3633,Zepter
3633,Carrefour
3634,
3635,
3636,Zepter
3637,
3638,Danone
3639,DynCorp
3640,
3641,Apple Inc.
3641,Areon Impex
3641,Comodo
3642,Global Print
3642,Mars
3643,
3644,
3645,DynCorp
3646,
3647,ExxonMobil
3647,Biolife Grup
3648,
3649,
3650,Metro Cash&Carry
3651,
3652,
3653,
3654,Vodafone
3654,Coca-Cola Company
3654,Boeing
3655,
3656,
3657,Zepter
3658,Mars
3659,Telekom
3660,AECOM
3660,BuzzFeed
3660,Team Guard SRL
3661,Carrefour
3662,Boeing
3663,
3664,21st Century Fox
3664,Biolife Grup
3664,ExxonMobil
3665,DynCorp
3665,Erickson
3665,Leadertech Consulting
3666,
3667,Danone
3667,Areon Impex
3667,Zepter
3668,Demaco
3668,Global Print
3668,ENEL
3669,
3670,Carrefour
3671,BuzzFeed
3672,Telekom
3672,Biolife Grup
3673,
3674,
3675,Zepter
3675,Facebook
3676,It Smart Group
3676,AECOM
3676,CarMax
3677,
3678,Comcast
3678,Mars
3679,Metro Cash&Carry
3680,
3681,DynCorp
3681,Metro Cash&Carry
3682,
3683,Carrefour
3683,Leadertech Consulting
3683,Team Guard SRL
3684,
3685,BuzzFeed
3685,Telekom
3685,Global Print
3686,Leadertech Consulting
3687,
3688,
3689,
3690,
3691,
3692,
3693,Zepter
3694,
3695,
3696,
3697,Team Guard SRL
3697,Vodafone
3697,Areon Impex
3698,
3699,
3700,
3701,Vodafone
3701,Zepter
3702,
3703,
3704,
3705,Boeing
3705,BuzzFeed
3706,
3707,
3708,
3709,
3710,
3711,
3712,DynCorp
3713,Amazon.com
3714,
3715,Metro Cash&Carry
3715,Leadertech Consulting
3715,Global Print
3716,
3717,
3718,
3719,
3720,Telekom
3721,ExxonMobil
3722,
3723,
3724,
3725,
3726,
3727,
3728,
3729,BuzzFeed
3729,Global Print
3730,
3731,
3732,ENEL
3733,
3734,
3735,Comcast
3735,Zepter
3736,Zepter
3736,Telekom
3737,
3738,
3739,Comcast
3739,Comodo
3740,Amazon.com
3740,Zepter
3740,Facebook
3741,
3742,
3743,BuzzFeed
3743,Team Guard SRL
3743,Comcast
3744,
3745,
3746,Metro Cash&Carry
3747,
3748,
3749,
3750,
3751,Areon Impex
3751,Coca-Cola Company
3751,BuzzFeed
3752,
3753,Apple Inc.
3753,Facebook
3753,Metro Cash&Carry
3754,
3755,Telekom
3755,AECOM
3756,
3757,CarMax
3758,
3759,
3760,Erickson
3760,Telekom
3760,It Smart Group
3761,UPC
3762,
3763,
3764,Apple Inc.
3765,Boeing
3766,
3767,Leadertech Consulting
3767,Mars
3767,Global Print
3768,Telekom
3769,
3770,Amazon.com
3771,
3772,
3773,
3774,
3775,ENEL
3775,21st Century Fox
3776,Demaco
3777,
3778,
3779,DynCorp
3779,Carrefour
3780,ExxonMobil
3780,It Smart Group
3780,Comodo
3781,UPC
3781,Coca-Cola Company
3781,CarMax
3782,
3783,
3784,Facebook
3784,ENEL
3784,AECOM
3785,
3786,ENEL
3786,Leadertech Consulting
3786,Metro Cash&Carry
3787,
3788,
3789,
3790,
3791,
3792,
3793,Erickson
3793,Carrefour
3793,ENEL
3794,
3795,Telekom
3796,
3797,
3798,Amazon.com
3799,Comcast
3800,Comcast
3800,Carrefour
3801,UPC
3801,BuzzFeed
3801,Zepter
3802,Carrefour
3802,Team Guard SRL
3802,Areon Impex
3803,
3804,Demaco
3805,AECOM
3806,UPC
3807,
3808,
3809,
3810,Areon Impex
3811,
3812,Facebook
3812,ENEL
3812,Comodo
3813,Global Print
3814,
3815,
3816,
3817,
3818,BuzzFeed
3818,Global Print
3818,Biolife Grup
3819,Comodo
3820,
3821,Areon Impex
3821,Apple Inc.
3822,
3823,
3824,
3825,
3826,
3827,Areon Impex
3828,
3829,
3830,
3831,Zepter
3831,CarMax
3832,BuzzFeed
3833,Global Print
3833,Danone
3833,ENEL
3834,
3835,Team Guard SRL
3836,
3837,
3838,
3839,Vodafone
3840,21st Century Fox
3841,AECOM
3842,BuzzFeed
3842,Team Guard SRL
3843,Mars
3843,Demaco
3844,
3845,Amazon.com
3845,ENEL
3845,Areon Impex
3846,
3847,Global Print
3848,Carrefour
3849,Comcast
3849,Team Guard SRL
3849,Areon Impex
3850,
3851,Leadertech Consulting
3852,
3853,
3854,
3855,ExxonMobil
3856,
3857,Danone
3857,Apple Inc.
3858,
3859,Comodo
3859,Team Guard SRL
3859,BuzzFeed
3860,
3861,
3862,
3863,Metro Cash&Carry
3864,Comodo
3865,It Smart Group
3865,ExxonMobil
3866,Amazon.com
3866,Boeing
3867,
3868,
3869,
3870,DynCorp
3871,Comodo
3872,AECOM
3873,Comcast
3873,Erickson
3874,Vodafone
3874,ENEL
3874,DynCorp
3875,
3876,21st Century Fox
3877,Erickson
3877,Facebook
3878,
3879,CarMax
3880,DynCorp
3881,Telekom
3881,Mars
3882,BuzzFeed
3883,
3884,Areon Impex
3884,ExxonMobil
3885,
3886,
3887,
3888,
3889,
3890,
3891,Mars
3891,Metro Cash&Carry
3891,Danone
3892,
3893,It Smart Group
3894,
3895,
3896,ExxonMobil
3897,Comcast
3898,CarMax
3898,Comodo
3899,
3900,Vodafone
3901,Biolife Grup
3901,ENEL
3901,It Smart Group
3902,Demaco
3902,DynCorp
3902,CarMax
3903,Biolife Grup
3904,
3905,
3906,It Smart Group
3906,21st Century Fox
3906,Demaco
3907,
3908,CarMax
3908,BuzzFeed
3909,
3910,
3911,Zepter
3911,Carrefour
3911,Areon Impex
3912,
3913,
3914,
3915,
3916,BuzzFeed
3917,Comodo
3917,Apple Inc.
3918,
3919,Vodafone
3919,Apple Inc.
3919,Comcast
3920,
3921,It Smart Group
3921,AECOM
3922,Carrefour
3922,Comcast
3923,Coca-Cola Company
3923,UPC
3924,
3925,
3926,Zepter
3927,Telekom
3928,Global Print
3928,Danone
3928,Metro Cash&Carry
3929,21st Century Fox
3930,Coca-Cola Company
3931,
3932,
3933,Boeing
3934,Apple Inc.
3935,
3936,
3937,Carrefour
3937,Zepter
3937,BuzzFeed
3938,
3939,
3940,Coca-Cola Company
3940,Vodafone
3940,AECOM
3941,AECOM
3941,Erickson
3941,Areon Impex
3942,BuzzFeed
3943,
3944,Comodo
3944,Apple Inc.
3944,It Smart Group
3945,Global Print
3945,Mars
3945,Comodo
3946,
3947,ExxonMobil
3948,
3949,Facebook
3949,DynCorp
3950,UPC
3951,
3952,Amazon.com
3953,Comodo
3953,Vodafone
3954,DynCorp
3954,UPC
3954,BuzzFeed
3955,AECOM
3955,Areon Impex
3956,
3957,ENEL
3958,Demaco
3958,Biolife Grup
3959,
3960,
3961,Zepter
3962,
3963,21st Century Fox
3963,Demaco
3964,ExxonMobil
3964,Erickson
3964,UPC
3965,Team Guard SRL
3965,It Smart Group
3966,BuzzFeed
3966,Biolife Grup
3967,Vodafone
3967,Danone
3968,UPC
3968,CarMax
3969,
3970,It Smart Group
3971,Demaco
3972,
3973,Comcast
3973,Leadertech Consulting
3973,Comodo
3974,
3975,Biolife Grup
3976,
3977,Leadertech Consulting
3977,Team Guard SRL
3977,Apple Inc.
3978,Metro Cash&Carry
3979,Coca-Cola Company
3979,AECOM
3979,Carrefour
3980,AECOM
3981,
3982,
3983,Erickson
3983,CarMax
3983,Leadertech Consulting
3984,
3985,Boeing
3985,Comcast
3986,
3987,Global Print
3988,Apple Inc.
3988,Carrefour
3988,Leadertech Consulting
3989,UPC
3989,Metro Cash&Carry
3990,
3991,
3992,
3993,Demaco
3994,
3995,Demaco
3996,
3997,
3998,
3999,Leadertech Consulting
4000,
4001,Areon Impex
4002,Boeing
4002,Zepter
4002,Areon Impex
4003,
4004,
4005,
4006,
4007,
4008,
4009,
4010,Zepter
4011,Boeing
4011,Apple Inc.
4012,Erickson
4012,Danone
4012,Metro Cash&Carry
4013,Metro Cash&Carry
4013,Areon Impex
4014,Comodo
4014,AECOM
4014,BuzzFeed
4015,It Smart Group
4015,Mars
4016,DynCorp
4017,Comcast
4017,Facebook
4017,DynCorp
4018,
4019,
4020,BuzzFeed
4020,Comodo
4021,
4022,
4023,
4024,
4025,Apple Inc.
4026,Mars
4027,
4028,Vodafone
4028,Biolife Grup
4029,Comodo
4030,Coca-Cola Company
4031,BuzzFeed
4031,Danone
4031,UPC
4032,
4033,
4034,Comodo
4034,Coca-Cola Company
4035,21st Century Fox
4036,UPC
4037,
4038,
4039,Zepter
4039,Carrefour
4039,ExxonMobil
4040,
4041,21st Century Fox
4042,Team Guard SRL
4043,
4044,
4045,
4046,
4047,Coca-Cola Company
4047,Boeing
4047,It Smart Group
4048,ENEL
4049,
4050,
4051,Metro Cash&Carry
4051,Vodafone
4052,DynCorp
4053,Team Guard SRL
4054,
4055,Metro Cash&Carry
4055,Mars
4055,Biolife Grup
4056,
4057,Team Guard SRL
4058,
4059,
4060,BuzzFeed
4061,Mars
4061,Comodo
4062,
4063,
4064,ExxonMobil
4065,Comcast
4065,Team Guard SRL
4066,AECOM
4066,Vodafone
4066,Global Print
4067,Erickson
4067,21st Century Fox
4068,Global Print
4069,
4070,Amazon.com
4070,Comodo
4071,
4072,
4073,Global Print
4073,Metro Cash&Carry
4073,ENEL
4074,Telekom
4075,Coca-Cola Company
4075,It Smart Group
4076,
4077,AECOM
4077,ExxonMobil
4078,Coca-Cola Company
4078,Amazon.com
4078,BuzzFeed
4079,
4080,
4081,Apple Inc.
4082,CarMax
4083,DynCorp
4083,Boeing
4084,Demaco
4084,It Smart Group
4085,AECOM
4086,Erickson
4086,It Smart Group
4086,21st Century Fox
4087,Team Guard SRL
4087,Facebook
4087,Erickson
4088,
4089,Amazon.com
4089,Global Print
4089,Comodo
4090,
4091,BuzzFeed
4091,Zepter
4092,
4093,Biolife Grup
4094,Boeing
4095,
4096,Leadertech Consulting
4096,UPC
4097,Team Guard SRL
4097,Leadertech Consulting
4098,
4099,ExxonMobil
4100,
4101,
4102,Areon Impex
4102,Carrefour
4103,Demaco
4104,Coca-Cola Company
4105,Comcast
4105,CarMax
4105,Coca-Cola Company
4106,
4107,BuzzFeed
4107,AECOM
4107,DynCorp
4108,
4109,
4110,
4111,
4112,Leadertech Consulting
4112,Comcast
4112,Metro Cash&Carry
4113,Zepter
4114,Carrefour
4115,ExxonMobil
4115,Demaco
4116,
4117,
4118,
4119,
4120,ExxonMobil
4121,
4122,
4123,ExxonMobil
4123,Carrefour
4124,
4125,
4126,
4127,
4128,
4129,Zepter
4129,It Smart Group
4129,Mars
4130,
4131,Mars
4131,Danone
4131,Biolife Grup
4132,
4133,
4134,
4135,Carrefour
4135,Metro Cash&Carry
4136,Apple Inc.
4136,Boeing
4137,
4138,
4139,
4140,ExxonMobil
4141,Global Print
4142,Carrefour
4143,
4144,
4145,
4146,
4147,
4148,
4149,Telekom
4150,Carrefour
4150,Amazon.com
4150,Erickson
4151,
4152,
4153,
4154,Mars
4154,Global Print
4154,Team Guard SRL
4155,DynCorp
4156,DynCorp
4157,Carrefour
4157,Mars
4158,Telekom
4158,ENEL
4158,Coca-Cola Company
4159,AECOM
4159,Carrefour
4159,Areon Impex
4160,
4161,Zepter
4161,Comcast
4161,UPC
4162,
4163,Carrefour
4164,
4165,
4166,DynCorp
4166,Erickson
4166,Boeing
4167,BuzzFeed
4167,Mars
4168,Amazon.com
4168,Biolife Grup
4168,ExxonMobil
4169,It Smart Group
4169,CarMax
4170,
4171,Mars
4172,
4173,
4174,
4175,Danone
4176,
4177,Apple Inc.
4177,Comodo
4177,Coca-Cola Company
4178,Boeing
4178,Global Print
4178,Coca-Cola Company
4179,AECOM
4180,BuzzFeed
4181,
4182,
4183,Erickson
4184,
4185,Facebook
4185,Coca-Cola Company
4185,ENEL
4186,
4187,Team Guard SRL
4188,
4189,Comodo
4189,BuzzFeed
4190,
4191,
4192,
4193,
4194,
4195,Coca-Cola Company
4196,Comcast
4196,It Smart Group
4197,Metro Cash&Carry
4197,ExxonMobil
4197,CarMax
4198,Boeing
4198,Mars
4199,Carrefour
4200,Metro Cash&Carry
4201,CarMax
4202,Comcast
4203,
4204,
4205,Leadertech Consulting
4205,Comodo
4206,
4207,
4208,Telekom
4209,
4210,Danone
4211,
4212,CarMax
4213,
4214,Leadertech Consulting
4215,Danone
4215,Areon Impex
4215,UPC
4216,Vodafone
4216,Telekom
4216,Zepter
4217,
4218,
4219,
4220,Boeing
4221,Demaco
4222,Team Guard SRL
4222,UPC
4223,
4224,Telekom
4225,Boeing
4225,Metro Cash&Carry
4225,Demaco
4226,Boeing
4226,Mars
4226,ExxonMobil
4227,Mars
4227,Boeing
4228,
4229,
4230,
4231,
4232,
4233,
4234,
4235,
4236,Erickson
4237,
4238,Erickson
4239,
4240,Apple Inc.
4240,Vodafone
4240,Global Print
4241,ExxonMobil
4241,BuzzFeed
4241,Coca-Cola Company
4242,It Smart Group
4242,Apple Inc.
4242,Boeing
4243,
4244,Facebook
4244,Demaco
4244,Coca-Cola Company
4245,
4246,
4247,Amazon.com
4248,Carrefour
4249,
4250,
4251,
4252,
4253,Danone
4254,Comcast
4255,ExxonMobil
4256,
4257,Mars
4257,Metro Cash&Carry
4257,Leadertech Consulting
4258,Vodafone
4258,DynCorp
4259,Comcast
4259,Carrefour
4260,
4261,Vodafone
4262,
4263,
4264,CarMax
4265,Metro Cash&Carry
4265,AECOM
4265,DynCorp
4266,
4267,21st Century Fox
4267,BuzzFeed
4268,21st Century Fox
4268,Telekom
4268,Vodafone
4269,Mars
4270,Mars
4271,Vodafone
4271,ENEL
4272,
4273,ExxonMobil
4274,Facebook
4275,
4276,Zepter
4276,21st Century Fox
4276,Apple Inc.
4277,ExxonMobil
4277,Carrefour
4277,DynCorp
4278,
4279,
4280,AECOM
4281,
4282,
4283,AECOM
4283,Mars
4283,Apple Inc.
4284,
4285,
4286,Coca-Cola Company
4286,Metro Cash&Carry
4287,
4288,
4289,
4290,ExxonMobil
4291,
4292,
4293,Danone
4294,
4295,
4296,Leadertech Consulting
4296,Boeing
4297,Team Guard SRL
4297,Leadertech Consulting
4298,
4299,
4300,BuzzFeed
4300,Demaco
4301,
4302,
4303,
4304,
4305,Biolife Grup
4306,AECOM
4306,Demaco
4306,DynCorp
4307,Erickson
4308,Apple Inc.
4308,Facebook
4309,Erickson
4309,Apple Inc.
4309,It Smart Group
4310,
4311,
4312,Erickson
4313,
4314,CarMax
4315,
4316,
4317,Zepter
4317,Boeing
4318,CarMax
4318,ENEL
4318,Demaco
4319,Coca-Cola Company
4320,Metro Cash&Carry
4320,UPC
4321,BuzzFeed
4322,
4323,ExxonMobil
4324,
4325,
4326,ENEL
4327,
4328,
4329,
4330,21st Century Fox
4330,Boeing
4331,
4332,Boeing
4332,BuzzFeed
4333,
4334,Danone
4335,Vodafone
4335,Amazon.com
4336,Coca-Cola Company
4337,
4338,Amazon.com
4338,BuzzFeed
4339,Carrefour
4339,Zepter
4340,ExxonMobil
4341,CarMax
4342,ExxonMobil
4342,UPC
4343,
4344,
4345,
4346,DynCorp
4347,
4348,
4349,Vodafone
4350,
4351,
4352,
4353,
4354,Comcast
4354,Team Guard SRL
4354,Facebook
4355,Comodo
4355,Facebook
4356,Amazon.com
4357,
4358,
4359,
4360,
4361,
4362,
4363,
4364,Danone
4365,
4366,
4367,
4368,Danone
4368,21st Century Fox
4368,Team Guard SRL
4369,
4370,It Smart Group
4371,Metro Cash&Carry
4372,Zepter
4373,
4374,
4375,
4376,Boeing
4377,
4378,Comodo
4378,Erickson
4379,
4380,Areon Impex
4380,UPC
4380,ENEL
4381,
4382,Demaco
4383,Danone
4384,ENEL
4385,
4386,It Smart Group
4386,Metro Cash&Carry
4387,Carrefour
4387,Biolife Grup
4388,ExxonMobil
4389,
4390,21st Century Fox
4391,
4392,Telekom
4392,Demaco
4392,Vodafone
4393,Areon Impex
4394,
4395,
4396,
4397,Telekom
4397,Facebook
4397,Metro Cash&Carry
4398,
4399,Global Print
4400,
4401,Demaco
4401,DynCorp
4402,It Smart Group
4402,CarMax
4402,Carrefour
4403,
4404,
4405,
4406,Telekom
4406,Boeing
4406,ExxonMobil
4407,
4408,UPC
4408,Comcast
4409,Vodafone
4409,Telekom
4409,UPC
4410,Comodo
4410,Erickson
4410,Coca-Cola Company
4411,
4412,
4413,
4414,
4415,
4416,21st Century Fox
4417,
4418,
4419,Carrefour
4419,Amazon.com
4419,Comodo
4420,
4421,
4422,
4423,Global Print
4423,Areon Impex
4424,
4425,Comodo
4426,
4427,
4428,Danone
4428,BuzzFeed
4429,
4430,ENEL
4431,Telekom
4432,
4433,Areon Impex
4433,Team Guard SRL
4434,Mars
4434,Coca-Cola Company
4434,Metro Cash&Carry
4435,ExxonMobil
4435,Mars
4436,
4437,
4438,Danone
4439,
4440,
4441,
4442,Erickson
4442,UPC
4443,Demaco
4444,
4445,Coca-Cola Company
4445,ExxonMobil
4445,Erickson
4446,
4447,Telekom
4448,Biolife Grup
4448,21st Century Fox
4448,Leadertech Consulting
4449,Demaco
4449,Team Guard SRL
4449,Leadertech Consulting
4450,Amazon.com
4451,Metro Cash&Carry
4451,Biolife Grup
4451,AECOM
4452,Vodafone
4452,Erickson
4453,Boeing
4454,
4455,
4456,Carrefour
4456,BuzzFeed
4457,
4458,Danone
4459,Telekom
4459,Coca-Cola Company
4460,
4461,BuzzFeed
4462,
4463,
4464,Demaco
4465,
4466,
4467,Zepter
4468,Comcast
4468,DynCorp
4468,BuzzFeed
4469,
4470,Zepter
4471,Amazon.com
4471,CarMax
4471,Leadertech Consulting
4472,
4473,Facebook
4474,Carrefour
4474,Danone
4475,Mars
4475,Telekom
4476,
4477,Apple Inc.
4478,DynCorp
4478,Leadertech Consulting
4479,
4480,Global Print
4481,
4482,Danone
4482,Comodo
4482,Global Print
4483,Apple Inc.
4483,Comcast
4483,Amazon.com
4484,Leadertech Consulting
4484,ENEL
4484,Global Print
4485,
4486,Vodafone
4487,
4488,
4489,
4490,
4491,Biolife Grup
4492,
4493,
4494,ENEL
4494,Comcast
4495,ExxonMobil
4496,Metro Cash&Carry
4497,
4498,Comodo
4499,Amazon.com
4499,Boeing
4500,Mars
4500,Zepter
4500,ENEL
4501,
4502,Biolife Grup
4503,
4504,
4505,Areon Impex
4506,Comcast
4507,
4508,
4509,
4510,Zepter
4511,
4512,
4513,
4514,AECOM
4515,
4516,Comcast
4517,UPC
4518,Facebook
4518,AECOM
4519,
4520,Global Print
4520,Erickson
4520,Boeing
4521,
4522,
4523,
4524,Apple Inc.
4525,BuzzFeed
4525,Boeing
4525,Erickson
4526,Apple Inc.
4526,CarMax
4527,
4528,BuzzFeed
4529,Erickson
4530,Global Print
4530,Telekom
4531,
4532,Mars
4532,Areon Impex
4532,Vodafone
4533,Zepter
4534,
4535,Apple Inc.
4536,Erickson
4537,
4538,Demaco
4538,ENEL
4538,CarMax
4539,ExxonMobil
4540,Leadertech Consulting
4541,
4542,
4543,DynCorp
4544,
4545,UPC
4545,Carrefour
4546,
4547,
4548,BuzzFeed
4549,Biolife Grup
4549,BuzzFeed
4549,Leadertech Consulting
4550,
4551,Carrefour
4552,
4553,
4554,Mars
4555,
4556,
4557,ExxonMobil
4558,Areon Impex
4559,Global Print
4560,Biolife Grup
4560,Coca-Cola Company
4560,BuzzFeed
4561,
4562,Demaco
4563,
4564,Mars
4565,Leadertech Consulting
4566,
4567,Boeing
4567,BuzzFeed
4568,Metro Cash&Carry
4569,
4570,Team Guard SRL
4570,CarMax
4571,ENEL
4572,
4573,
4574,AECOM
4575,DynCorp
4576,Comodo
4577,Team Guard SRL
4577,Carrefour
4578,Carrefour
4579,
4580,Erickson
4580,AECOM
4581,
4582,Global Print
4583,
4584,
4585,
4586,
4587,Leadertech Consulting
4588,
4589,Metro Cash&Carry
4589,Mars
4590,ENEL
4591,Zepter
4591,Danone
4591,Apple Inc.
4592,
4593,
4594,Vodafone
4595,AECOM
4595,BuzzFeed
4596,DynCorp
4596,Telekom
4597,
4598,Biolife Grup
4599,Facebook
4599,ENEL
4600,Zepter
4600,Boeing
4600,BuzzFeed
4601,
4602,Danone
4603,
4604,Amazon.com
4605,Danone
4606,Telekom
4607,AECOM
4607,BuzzFeed
4608,
4609,Metro Cash&Carry
4609,Danone
4610,
4611,
4612,
4613,Comodo
4614,
4615,UPC
4615,Amazon.com
4616,
4617,
4618,Facebook
4619,Zepter
4620,Telekom
4621,ExxonMobil
4622,
4623,Erickson
4624,
4625,UPC
4625,Boeing
4625,Global Print
4626,
4627,DynCorp
4628,
4629,Zepter
4629,Leadertech Consulting
4630,
4631,
4632,
4633,Team Guard SRL
4633,Telekom
4634,
4635,
4636,Carrefour
4637,
4638,
4639,Comcast
4640,DynCorp
4640,Amazon.com
4641,
4642,
4643,
4644,
4645,It Smart Group
4646,
4647,
4648,
4649,Demaco
4650,
4651,ENEL
4652,21st Century Fox
4653,
4654,Team Guard SRL
4654,Demaco
4655,
4656,Team Guard SRL
4656,BuzzFeed
4657,
4658,Amazon.com
4659,Boeing
4660,
4661,
4662,Coca-Cola Company
4662,Biolife Grup
4662,Carrefour
4663,
4664,Boeing
4665,Erickson
4665,Boeing
4666,
4667,
4668,
4669,Team Guard SRL
4670,It Smart Group
4670,BuzzFeed
4670,Global Print
4671,
4672,Team Guard SRL
4672,CarMax
4672,BuzzFeed
4673,Leadertech Consulting
4674,
4675,
4676,Comodo
4677,
4678,
4679,
4680,Metro Cash&Carry
4681,Comcast
4681,Areon Impex
4682,
4683,
4684,
4685,Coca-Cola Company
4685,Metro Cash&Carry
4685,AECOM
4686,Biolife Grup
4686,Team Guard SRL
4687,Amazon.com
4687,ENEL
4687,AECOM
4688,
4689,
4690,ENEL
4691,
4692,Team Guard SRL
4693,
4694,It Smart Group
4695,Demaco
4696,Leadertech Consulting
4697,
4698,
4699,CarMax
4700,Global Print
4700,Vodafone
4700,Telekom
4701,
4702,Zepter
4702,Boeing
4703,
4704,DynCorp
4704,Amazon.com
4704,Vodafone
4705,
4706,
4707,
4708,
4709,Amazon.com
4710,Biolife Grup
4710,Areon Impex
4711,Biolife Grup
4711,Demaco
4712,
4713,
4714,
4715,Facebook
4716,
4717,
4718,It Smart Group
4719,ExxonMobil
4720,
4721,
4722,Vodafone
4722,21st Century Fox
4723,BuzzFeed
4724,
4725,AECOM
4725,Apple Inc.
4725,Comcast
4726,Metro Cash&Carry
4727,Team Guard SRL
4728,Amazon.com
4728,BuzzFeed
4729,
4730,
4731,Metro Cash&Carry
4731,Telekom
4731,Zepter
4732,
4733,
4734,Facebook
4735,
4736,It Smart Group
4736,Biolife Grup
4737,Metro Cash&Carry
4737,BuzzFeed
4738,21st Century Fox
4739,
4740,Boeing
4740,Mars
4741,Facebook
4742,
4743,Carrefour
4744,
4745,Team Guard SRL
4745,UPC
4746,Global Print
4746,Facebook
4747,
4748,
4749,
4750,Demaco
4751,
4752,
4753,
4754,Areon Impex
4755,Global Print
4755,Boeing
4755,Mars
4756,
4757,
4758,
4759,
4760,
4761,
4762,
4763,Comcast
4763,Facebook
4764,Areon Impex
4764,Amazon.com
4765,Zepter
4765,Comodo
4766,Telekom
4766,Amazon.com
4766,ExxonMobil
4767,
4768,UPC
4769,
4770,
4771,ExxonMobil
4772,CarMax
4773,
4774,
4775,
4776,
4777,
4778,Comcast
4779,
4780,21st Century Fox
4781,AECOM
4781,21st Century Fox
4782,UPC
4782,Apple Inc.
4782,Team Guard SRL
4783,
4784,
4785,
4786,
4787,
4788,Zepter
4788,Metro Cash&Carry
4788,Global Print
4789,
4790,Coca-Cola Company
4790,Leadertech Consulting
4791,
4792,Team Guard SRL
4792,Facebook
4793,Coca-Cola Company
4794,
4795,
4796,Comodo
4796,Facebook
4797,Boeing
4797,Vodafone
4798,
4799,Telekom
4800,
4801,Coca-Cola Company
4802,Facebook
4803,Global Print
4804,Coca-Cola Company
4805,
4806,
4807,
4808,Mars
4809,
4810,
4811,21st Century Fox
4812,BuzzFeed
4813,
4814,
4815,
4816,
4817,Comcast
4818,
4819,21st Century Fox
4820,Apple Inc.
4820,Comodo
4820,Global Print
4821,BuzzFeed
4821,Carrefour
4821,DynCorp
4822,
4823,Vodafone
4823,ExxonMobil
4824,ENEL
4824,Carrefour
4824,Biolife Grup
4825,Carrefour
4826,
4827,It Smart Group
4827,Erickson
4827,Carrefour
4828,Facebook
4829,Comcast
4830,Zepter
4830,Coca-Cola Company
4830,Demaco
4831,Vodafone
4832,Amazon.com
4833,
4834,
4835,
4836,
4837,
4838,
4839,
4840,
4841,21st Century Fox
4841,Danone
4841,CarMax
4842,
4843,
4844,Zepter
4844,Areon Impex
4844,AECOM
4845,
4846,UPC
4847,
4848,21st Century Fox
4848,ENEL
4848,DynCorp
4849,
4850,
4851,UPC
4852,
4853,Carrefour
4854,
4855,
4856,
4857,
4858,
4859,
4860,
4861,
4862,
4863,21st Century Fox
4864,Zepter
4864,Telekom
4865,
4866,Carrefour
4866,BuzzFeed
4867,DynCorp
4868,Global Print
4868,21st Century Fox
4868,Mars
4869,Demaco
4870,
4871,Leadertech Consulting
4871,BuzzFeed
4872,
4873,
4874,Apple Inc.
4874,Vodafone
4875,
4876,AECOM
4876,Boeing
4876,Apple Inc.
4877,Telekom
4878,
4879,
4880,It Smart Group
4881,Danone
4882,
4883,
4884,
4885,Coca-Cola Company
4885,ExxonMobil
4885,Danone
4886,Carrefour
4887,
4888,21st Century Fox
4889,
4890,
4891,
4892,Global Print
4892,Areon Impex
4892,Boeing
4893,Team Guard SRL
4893,21st Century Fox
4894,
4895,Facebook
4896,
4897,21st Century Fox
4898,DynCorp
4898,Areon Impex
4898,Zepter
4899,Telekom
4899,It Smart Group
4899,Vodafone
4900,
4901,Global Print
4901,Areon Impex
4901,It Smart Group
4902,
4903,
4904,Facebook
4904,Demaco
4905,
4906,Carrefour
4906,Apple Inc.
4907,
4908,Mars
4908,It Smart Group
4908,Danone
4909,Zepter
4909,Demaco
4910,
4911,
4912,UPC
4912,DynCorp
4912,Amazon.com
4913,
4914,Danone
4915,
4916,Zepter
4917,
4918,BuzzFeed
4918,CarMax
4918,ExxonMobil
4919,
4920,Leadertech Consulting
4921,Coca-Cola Company
4921,Global Print
4922,Amazon.com
4923,
4924,
4925,
4926,
4927,Metro Cash&Carry
4927,Global Print
4928,
4929,Team Guard SRL
4930,
4931,Danone
4932,
4933,Comcast
4934,Metro Cash&Carry
4934,Telekom
4935,
4936,
4937,BuzzFeed
4938,
4939,Zepter
4940,
4941,It Smart Group
4942,
4943,
4944,Comcast
4944,Team Guard SRL
4945,
4946,Areon Impex
4947,
4948,Apple Inc.
4949,Vodafone
4949,Coca-Cola Company
4950,
4951,Zepter
4951,AECOM
4951,Danone
4952,
4953,Boeing
4953,Danone
4953,Demaco
4954,
4955,ExxonMobil
4956,Boeing
4957,
4958,Erickson
4958,Zepter
4958,21st Century Fox
4959,DynCorp
4959,Facebook
4960,Comcast
4960,Facebook
4960,Global Print
4961,Facebook
4962,21st Century Fox
4963,
4964,
4965,
4966,
4967,21st Century Fox
4968,
4969,Global Print
4969,BuzzFeed
4970,
4971,21st Century Fox
4972,
4973,
4974,Apple Inc.
4974,Mars
4974,UPC
4975,
4976,
4977,Boeing
4978,BuzzFeed
4978,Erickson
4979,
4980,ENEL
4981,
4982,Zepter
4983,Team Guard SRL
4984,Apple Inc.
4985,Facebook
4985,Areon Impex
4985,Comodo
4986,
4987,Coca-Cola Company
4988,
4989,
4990,
4991,Amazon.com
4991,ENEL
4992,
4993,ExxonMobil
4994,Boeing
4995,
4996,UPC
4996,Apple Inc.
4996,ExxonMobil
4997,
4998,
4999,
5000,
